name,logo,logo_size,former_name,type,traded_as,foundation,founder,hq_location,hq_location_city,key_people,area_served,ISIN,industry,products,revenue,operating_income,net_income,assets,equity,num_employees,subsid,parent,homepage,footnotes,_company_name,founders,location_city,location_country,logo_alt,revenue_year,income_year,net_income_year,assets_year,equity_year,owner,num_employees_year,hq_location_country,num_locations,num_locations_year,location,ratio,aum,rating,image,image_size,image_caption,owners,trading_name,members,divisions,services,founded,predecessor,image_alt,logo_caption,website,production,production_year,subject_name,image_link,players,designer,publisher,ages,setup_time,playing_time,random_chance,skills,fate,successor
Adani Ports and Special Economic Zone Limited,Adani Ports Logo.svg,175px,Mundra Port and Special Economic Zone Limited,[[Public company|Public]],"{{plainlist|
*|BSE|532921|
*|NSE|ADANIPORTS|
*[[NIFTY 50|NSE NIFTY 50]] constituent
*[[BSE SENSEX]] constituent}} {{BSE|532921}} * {{NSE|ADANIPORTS}} *[[NIFTY 50|NSE NIFTY 50]] constituent
*[[BSE SENSEX]] constituent",{{Start date and age|1998|05|26|df|=|yes}},[[Gautam Adani]],Adani House,"[[Navarangpura]], [[Ahmedabad]], [[Gujarat]], India","{{plainlist|
* [[Gautam Adani]] ([[chairman]])
* Karan Adani ([[Managing Director|MD]])
* Ashwani Gupta (Whole-Time Director & CEO)|ref|{{cite web | url=https://www.financialexpress.com/business/industry-ashwani-gupta-former-global-coo-of-nissan-appointed-ceo-of-adani-ports-and-special-economic-zone-3357624/ | title=Ashwani Gupta, former global COO of Nissan, appointed CEO of Adani Ports and Special Economic Zone | date=6 January 2024 }}|</ref>|}}",Worldwide,{{ISIN|sl|=|n|pl|=|y|INE742F01042}},[[Infrastructure]],{{hlist|[[Port operator]]|[[Ports|Ports and shipping]]|[[Maritime transport]]|[[Logistics]]|[[Dredging]]|ref|{{cite news |title=Adani Ports dredging fleet emerges as India's largest: APSEZ |url=https://economictimes.indiatimes.com/industry/transportation/shipping-/-transport/adani-ports-dredging-fleet-emerges-as-indias-largest-apsez/articleshow/62417074.cms |access-date=22 February 2023 |work=The Economic Times |date=8 January 2018}}|</ref>}},{{up}} {{INRConvert|32383|c}} (2025),{{up}} {{INRConvert|19025|c}} (2025),{{up}} {{INRConvert|11061|c}} (2025),{{up}} {{INRConvert|1.35|lc|lk|=|on}} (2025),{{up}} {{INRConvert|64973|c}} (2025),"2,919 (2024)","{{plainlist|
*Adani Logistics|ref|{{cite news |last1=Dhanjal |first1=Swaraj Singh |title=Adani Logistics to buy Navkar's inland container depot in Gujarat for ₹835 cr |url=https://www.livemint.com/companies/news/adani-logistics-to-buy-navkar-s-inland-container-depot-in-gujarat-for-835-cr-11660668561410.html |access-date=4 February 2023 |work=mint |date=17 August 2022 |language=en}}|</ref>|
*Sarguja Rail Corridor|ref|{{cite news |title=NCLT approves APSEZ's composite scheme to acquire Sarguja Rail Corridor |url=https://economictimes.indiatimes.com/industry/transportation/shipping-/-transport/nclt-approves-apsezs-composite-scheme-to-acquire-sarguja-rail-corridor/articleshow/89219539.cms |access-date=4 February 2023 |work=The Economic Times |date=30 January 2022}}|</ref>}} *Sarguja Rail Corridor",[[Adani Group]],{{Official URL}},Financials {{as of|2025|03|31|lc|=|y|df|=|yes}} .,Adani Ports & SEZ,,,,,,,,,,,,,,,,,,,,,,,,,,,,,,,,,,,,,,,,,,,,,
Asian Paints Ltd.,Asian paints logo.svg,250px,Asian Oil and Paint Company Pvt. Ltd. (1945–1965) <br/> Asian Paints (India) Pvt. Ltd. (1965–1973),[[Public company|Public]],"{{plainlist|
*|BSE|50082|
*|NSE|ASIANPAINT|
*[[BSE SENSEX]] constituent
*[[NIFTY 50|NSE NIFTY 50]] constituent}} {{BSE|50082}} * {{NSE|ASIANPAINT}} *[[BSE SENSEX]] constituent
*[[NIFTY 50|NSE NIFTY 50]] constituent",{{start date and age|df|=|yes|1942|02|01}},,,,"{{plainlist| 
*Manish Choksi ([[Vice Chairman]])
*Amit Syngle ([[CEO]])}}",Worldwide,INE021A01026,[[Chemical industry|Chemicals]],"{{plainlist| 
*[[Chemical substance|Chemicals]]
*[[Paints|Decorative paints]]
*[[automotive restoration|Industrial finishing products]] 
*[[Industrial coating|Coatings]]}}",{{increase}} {{INRConvert|36183|c}} (2024),{{increase}} {{INRConvert|7215|c}} (2024),{{increase}} {{INRConvert|5558|c}} (2024),{{increase}} {{INRConvert|29924|c}} (2024),{{increase}} {{INRConvert|19424|c}} (2024),"9,482 permanent & 21,189 contractual (2024)",,,{{URL|https://www.asianpaints.com/|asianpaints.com}},Financials {{as of|2024|03|31|lc|=|y|df|=|yes}} .,Asian Paints,"{{plainlist| *Champaklal Choksey
*Chimanlal Choksi
*Suryakant Dani
*Arvind Vakil|ref| name=""Business Insider""}}","[[Mumbai]], [[Maharashtra]]",India,,,,,,,,,,,,,,,,,,,,,,,,,,,,,,,,,,,,,,,,,,
Axis Bank Limited,AXISBank Logo.svg,,,[[Public company|Public]],{{ubl|BSE|532215|NSE|AXISBANK|LSE|AXB|[[BSE SENSEX]] constituent|[[NIFTY 50|NSE NIFTY 50]] constituent}} {{BSE|532215}} {{NSE|AXISBANK}} {{LSE|AXB}},{{start date and age|1993|12|03|df|=|y}} as ''UTI Bank'',,,"[[Mumbai]], [[Maharashtra]]",{{unbulleted list|[[Amitabh Chaudhry]] ([[Chief executive officer|MD & CEO]])|Shri Rakesh Makhija ([[chairperson]])}},,{{ISIN|sl|=|n|pl|=|y|INE238A01034}},[[Financial services]],{{ubl|[[Retail banking]]|[[Corporate banking]]|[[Investment banking]]|[[Mortgage loan]]s| [[Private banking]]|[[Wealth management]]|[[Asset management]]|[[Investment management]]}},{{Increase}} {{INRConvert|155917|c}},{{Increase}} {{INRConvert|44888|c}},{{increase}} {{INRConvert|28055|c}},{{Increase}} {{INRConvert|1656962|c}},{{Increase}} {{INRConvert|185433|c}},"104,333",{{Unbulleted_list|Axis Asset Management Company Ltd.|[[Axis Mutual Fund]] Trustee Ltd.|Axis Capital Ltd.|Axis Finance Ltd.|Axis Securities Ltd.|A.TREDS Ltd.|Axis Bank UK Ltd.|Axis Trustee Services Ltd.|[[Freecharge]]|Accelyst Solutions Private Ltd.|Axis Private Equity Ltd.|ref|{{cite web|url=https://www.axisbank.com/annual-report-2018-2019/axis_2018-19.pdf|title=Axis Bank Annual Report 2018-2019}}|</ref>}},,{{URL|www.axis.bank.in}},,Axis Bank,,,,Axis Bank Logo,2025,2025,2025,2025,2025,{{Unbulleted_list|[[Life Insurance Corporation]] (9.19%)|[[General Insurance Corporation of India]] (1.15%)|[[New India Assurance|The New India Assurance Company Limited]] (0.74%)}},as of March 2024,India,5706,December 2024,Axis House,9.35% (December 2019),,,,,,,,,,,,,,,,,,,,,,,,,,,,,
Bajaj Finance Limited,Bajaj Finance Logo.svg,,Bajaj Auto Finance Limited (1987–2025),[[Public]],"{{BSE|500034}} <br /> {{NSE|BAJFINANCE}} <br />
[[BSE SENSEX]] constituent<br />[[NIFTY 50|NSE NIFTY 50]] constituent",{{Start date and age|1987|03|25|df|=|yes}},[[Rahul Bajaj]],,,{{ubl|[[Sanjiv Bajaj]]|Rajeev Jain|ref|{{cite web|title=How Rajeev Jain is Transforming Bajaj Finance|url=https://www.businesstoday.in/magazine/corporate/story/how-rajeev-jain-is-transforming-bajaj-finance-324764-2022-03-04|first=Anand|last=Adhikari|access-date=30 April 2022|website=[[Business Today (India)]]|date=4 March 2022|archive-date=12 April 2022|archive-url=https://web.archive.org/web/20220412104334/https://www.businesstoday.in/magazine/corporate/story/how-rajeev-jain-is-transforming-bajaj-finance-324764-2022-03-04|url-status=live}}|</ref>}},,{{ISIN|sl|=|n|pl|=|y|INE296A01024}},[[Financial services]],"[[Lending]], [[fixed deposits]], [[mutual funds]]",{{increase}} {{INRConvert|69725|c}} (2025),{{up}} {{INRConvert|26388|c}} (2025),{{up}} {{INRConvert|16779|c}} (2025),{{up}} {{INRConvert|367870|c}} (2025),{{up}} {{INRConvert|96700|c}} (2025),,Bajaj Financial Services<br>Bajaj Housing Finance<br>Bajaj Financial Securities,[[Bajaj Finserv]] (52.49%),{{URL|https://www.bajajfinance.com/}},Financials {{as of|2024|03|31|lc|=|y|df|=|yes}} .,Bajaj Finance,,Pune,India,,,,,,,,,,,,,,{{up}} {{INRConvert|462250|c}} (Q2 2025),"{{plainlist|
* [[CRISIL]] AAA+/Stable Long-term debt|ref|{{cite web | date=2023-08-01 | url=https://www.financialexpress.com/industry/banking-finance/bajaj-finance-deposits-cross-rs-50000-crore/3194408/ | title=Bajaj Finance deposits cross Rs 50,000 crore |access-date=2023-06-30 |website=[[The Financial Express (India)|The Financial Express]] | language=en}}|</ref>|
* [[ICRA Limited|ICRA]] AAA+/Stable Non-convertible debenture|ref|{{cite web | date=2023-06-06 | url=https://www.icra.in/Rationale/ShowRationaleReport/?Id=120310 | title=Bajaj Finance Ltd.: Ratings reaffirmed | access-date=2023-06-30 | website=[[ICRA Limited]] | language=en | archive-date=30 August 2023 | archive-url=https://web.archive.org/web/20230830150501/https://www.icra.in/Rationale/ShowRationaleReport/?Id=120310 | url-status=live }}|</ref>|
* CARE AAA+/Stable Non-convertible debenture|ref|{{cite web | date=2023-01-05 | url=https://www.careratings.com/upload/CompanyFiles/PR/05012023060735_Bajaj_Finance_Limited.pdf | title=Bajaj Finance Ltd Revised |access-date=2023-06-30 |website=CAREEdge | language=en}}|</ref>|}} * [[ICRA Limited|ICRA]] AAA+/Stable Non-convertible debenture * CARE AAA+/Stable Non-convertible debenture",,,,,,,,,,,,,,,,,,,,,,,,,,,
Bajaj Finserv Limited,Bajaj Finserv Logo.svg,,,[[Public Company|Public]],"{{plainlist|
*|BSE|532978|
*|NSE|BAJAJFINSV|
*[[NIFTY 50|NSE NIFTY 50]] constituent}} {{BSE|532978}} * {{NSE|BAJAJFINSV}} *[[NIFTY 50|NSE NIFTY 50]] constituent",{{Start date and age|2007|5}},[[Jamnalal Bajaj]],,,[[Sanjiv Bajaj]] ([[chairman]] & Managing Director),,{{ISIN|sl|=|n|pl|=|y|INE918I01026}},[[Financial services]],"{{ubl|[[Insurance]] |[[General insurance]] |[[Health insurance]] |[[Vehicle insurance]] |[[Travel insurance]] |[[Home insurance]] |[[Life insurance]] |[[Mortgage loan]]s |[[Investment management]] | [[Asset management]] |[[Mutual fund]]s |[[Credit card]]s|ref|{{cite web |title=Apply for Loans, EMI Finance, Credit Card and Insurance – Bajaj Finserv |url=http://www.bajajfinserv.in/ |website=bajajfinserv.in}}|</ref>}}",{{increase}} {{INRConvert|133821.05|c}},{{increase}} {{INRConvert|47646|c}},{{increase}} {{INRConvert|17539.65|c}},{{increase}} {{INRConvert|405509|c}},{{increase}} {{INRConvert|72346|c}},105 (2022),"{{ubl|[[Bajaj Finance]]|ref| name=""auto""|{{Cite web|url=https://www.moneycontrol.com/annual-report/bajajfinserv/chairmans-speech/BF04|title=Bajaj Finserv Chairman's Speech > Finance - Investments > Chairman's Speech from Bajaj Finserv - BSE: 532978, NSE: BAJAJFINSV|website=www.moneycontrol.com|access-date=23 January 2019|archive-date=24 January 2019|archive-url=https://web.archive.org/web/20190124041317/https://www.moneycontrol.com/annual-report/bajajfinserv/chairmans-speech/BF04|url-status=live}}|</ref>|<br />Bajaj Allianz General Insurance<br />Bajaj Allianz Life Insurance<br />Bajaj Housing Finance|ref| name=""BalSheet""|<br />Bajaj Finserv Markets |ref| name=""ibs""|{{Cite web|url=https://ibsintelligence.com/ibsi-news/acko-partners-with-bajaj-finservs-subsidiary-finserv-markets/|title=ACKO partners with Bajaj Finserv's subsidiary – Finserv MARKETS|website=ibsintelligence.com|access-date=5 January 2021|archive-date=26 September 2022|archive-url=https://web.archive.org/web/20220926100305/https://ibsintelligence.com/ibsi-news/acko-partners-with-bajaj-finservs-subsidiary-finserv-markets/|url-status=live}}|</ref>|
|Bajaj Finserv Asset Management Company
|Bajaj Finserv Direct (Bajaj Markets)
|Bajaj Finserv Health}} <br />Bajaj Allianz General Insurance<br />Bajaj Allianz Life Insurance<br />Bajaj Housing Finance <br />Bajaj Finserv Markets",[[Bajaj Group]],{{URL|http://www.bajajfinserv.in/}},,Bajaj Finserv,,"[[Pune]], [[Maharashtra]], India",,,2025,2025,2025,2024,2025,,,,,,,,,,"File:Bajaj Finserv Head Office, Pune.jpg",250px,Bajaj Finserv's headquarters in [[Pune]],,,,,,,,,,,,,,,,,,,,,,,,
Bharat Electronics Limited,Bharat Electronics logo.svg,250px,,[[Public company|Public]],{{ubl|BSE|500049|NSE|BEL|[[BSE SENSEX]] constituent|[[NIFTY 50|NSE NIFTY 50]] constituent}} {{BSE|500049}} {{NSE|BEL}},{{Start date and age|1954}},,,,Manoj Jain {{small|([[Chairman]] & [[Managing Director]])}},Worldwide,,"{{plainlist|
*[[Aerospace manufacturer|Aerospace]]
*[[Avionics]]
*[[Electronics]]
*[[Satellite communication]]
*[[Defence (military)|Defence]]}}","{{plainlist|
*[[Avionics]]
*[[Electronics]]
*[[Radar]]s
*[[Weapon systems engineering|Weapon systems]]
*[[Electronic voting machine]]s
*[[Identification Friend or Foe|IFF]]
*C4I systems}}",{{Increase}} {{INRConvert|24511|c}} (2025),{{increase}} {{INRConvert|7099|c}} (2025),{{increase}} {{INRConvert|5322|c}} (2025),{{increase}} {{INRConvert|40418|c}} (2025),{{increase}} {{INRConvert|19697|c}} (2025),"8,937 permanent employees<br>2,507 permanent workers (2024)",,,{{official URL}},Financials {{as of|2025|03|31|lc|=|y|df|=|yes}} .,Bharat Electronics,,"[[Bangalore]], [[Karnataka]]",India,,,,,,,,,,,,,,,,,,,{{ubl|[[Government of India]] (51.14%)|[[Life Insurance Corporation]] (7.5%)|[[Bank of Baroda]] (4%)}},,,,,,,,,,,,,,,,,,,,,,,
Bharti Airtel,Bharti Airtel Logo.svg,150px,,[[Public company|Public]],{{ubl|BSE|532454|NSE|BHARTIARTL|[[BSE SENSEX]] constituent|[[NIFTY 50|NSE NIFTY 50]] constituent}} {{BSE|532454}} {{NSE|BHARTIARTL}},{{Start date and age|1995|07|07|df|=|y}},[[Sunil Mittal]],,,"{{ubl|[[Sunil Mittal]] ([[chairman]])|[[Gopal Vittal]] (MD,  [[Vice chairman]] & [[Chief executive officer|CEO]])}}","South Asia, Africa, Channel Islands",{{ISIN|sl|=|n|pl|=|y|INE397D01024}},[[Telecommunications]],{{ubl|[[Landline|Fixed line telephone]]|[[Mobile telephony]]|[[Broadband]]|[[Satellite television]]|[[Payments bank]]|[[Digital television]]|[[Streaming television|Internet television]]|[[Internet Protocol television|IPTV]]|[[Over-the-top media service|OTT services]]}},{{Increase}} {{INRConvert|172985|c}} (2025),{{Increase}} {{INRConvert|94249|c}} (2025),{{Increase}} {{INRConvert|37481|c}} (2025),{{Increase}} {{INRConvert|514360|c}} (2025),{{Increase}} {{INRConvert|113671|c}} (2025),"24,420 (March 2025)","{{plainlist|
*[[Airtel India]]
*[[Robi Axiata PLC]]
*[[Airtel Payments Bank]]
*[[Airtel digital TV]]
*[[Airtel-Vodafone]] (50%)
*[[Indus Towers]] (50.005%)}}",,{{URL|https://airtel.com}},Financials {{as of|2025|03|31|lc|=|y}} .,Bharti Airtel,,,,,,,,,,,,,,,"[[New Delhi]], India",,,,,,Bharti Airtel registered office in [[Gurgaon]] since March 2024,{{ubl|[[Bharti Enterprises|Bharti Telecom]] (40.47%)|[[Singtel]] (8.32%)|[[Bharti Enterprises|Indian Continent Investment Limited]] (2.47%)|[[Public float]] (48.74%)|ref|{{cite news |title=Latest Shareholding Pattern - Bharti Airtel Ltd. |url=https://trendlyne.com/equity/share-holding/187/BHARTIARTL/latest/bharti-airtel-ltd/ |access-date=17 May 2023 |work=Trendlyne.com |language=en}}|</ref>}},Airtel,{{Increase}} ~600 million (September 2025),"{{plainlist|
*Airtel Asia
*Airtel Europe
*[[Airtel Africa]]}}",,,,,,,,,,,,,,,,,,,,
HCL Technologies Limited,HCLTech-new-logo.svg,,Hindustan Computers Limited,[[Public company|Public]],{{Unbulleted list|BSE|532281|NSE|HCLTECH|[[BSE SENSEX]] constituent|[[NIFTY 50|NSE NIFTY 50]] constituent}} {{BSE|532281}} {{NSE|HCLTECH}},{{Start date and age|df|=|yes|1976|08|11}},[[Shiv Nadar]],,,"[[Roshni Nadar Malhotra]]<br>([[chairperson]])<br>[[Shiv Nadar]]<br>(chairman emeritus) <br>[[C Vijayakumar]]<br>( {{small|[[CEO]] & [[Managing Director]])|ref| name=""vijay""|{{cite news|title=HCL Tech CEO Anant Gupta quits, C Vijayakumar to succeed – The Economic Times|url=http://economictimes.indiatimes.com/news/company/corporate-trends/hcl-tech-ceo-anant-gupta-quits-c-vijayakumar-to-succeed/articleshow/54969299.cms|newspaper=The Economic Times|date=21 October 2016|url-status=live|archive-url=https://web.archive.org/web/20161023010322/http://economictimes.indiatimes.com/news/company/corporate-trends/hcl-tech-ceo-anant-gupta-quits-c-vijayakumar-to-succeed/articleshow/54969299.cms|archive-date=23 October 2016}}|</ref>}}",Worldwide,{{ISIN|sl|=|n|pl|=|y|INE860A01027}},[[Information technology]]<br>[[Consulting]]<br>[[Outsourcing]],{{hlist| [[HCL Domino|HCL Notes/Domino]]| [[Security AppScan|HCL AppScan]] | [[HCL Connections]]| [[HCL Commerce]]| [[Actian]] |[[IBM BigFix|HCL BigFix]]| [[Starschema]]| [[WebSphere Portal]]| [[Ingres (database)|Ingres]]|[[Unica Corporation|HCL Unica]]| [[HCL Sametime]]| [[IBM Lotus iNotes|HCL iNotes]]}},{{Increase}} {{INRConvert|119540|c}},{{Increase}} {{INRConvert|23261|c}},{{Increase}} {{INRConvert|18104|c}},{{Increase}} {{INRConvert|105544|c}},{{Increase}} {{INRConvert|69673|c}},"227,481 (2024)",,HCL Group,{{URL|https://www.hcltech.com/}},Financials {{as of|2025|03|31|lc|=|y}} .,HCLTech,,"[[Noida]], [[Uttar Pradesh]]",India,,2025,2025,2025,2025,2025,Shiv Nadar (60.77%),,,,,,,,,HCL Tech Noida SEZ Campus.png,,Headquarters in [[Noida]],,,,,[[Software]],,,,,,,,,,,,,,,,,,,
HDFC Bank Limited,HDFC Bank Logo.svg,,,[[Public company|Public]],{{ubl|NSE|HDFCBANK|BSE|500180|NYSE|HDB| (ADS)|[[BSE SENSEX]] constituent|[[NIFTY 50|NSE NIFTY 50]] constituent}} {{NSE|HDFCBANK}} {{BSE|500180}} {{NYSE|HDB}} (ADS),{{start date and age|df|=|y|p|=|y|August 1994}},,,"[[Mumbai]], [[Maharashtra]]",{{ubl|[[Atanu Chakraborty]] <br /> (chairman)|ref|{{cite news|url=https://www.thehindu.com/business/Industry/rbi-approves-appointment-of-atanu-chakraborty-as-part-time-chairman-of-hdfc-bank/article34390586.ece|title=RBI approves appointment of Atanu Chakraborty as part-time chairman of HDFC Bank|publisher=thehindu.com|access-date=22 April 2021|archive-date=23 April 2021|archive-url=https://web.archive.org/web/20210423060640/https://www.thehindu.com/business/Industry/rbi-approves-appointment-of-atanu-chakraborty-as-part-time-chairman-of-hdfc-bank/article34390586.ece|url-status=live}}|</ref>| [[Sashidhar Jagdishan]] <br />([[Chief executive officer|CEO]])}},India,{{ISIN|sl|=|n|pl|=|y|INE040A01034}},[[Banking]]<br />[[Financial services]],"{{ubl|[[Retail banking|Consumer banking]]|[[Commercial banking]]|[[Insurance]]|[[Credit cards]]|[[Investment banking]]|[[Mortgage loan]]s|[[Private banking]]|[[Private equity]]|[[Investment management]]|[[Asset management]]|[[Wealth management]]|[[Stockbroking]]|ref| name=""AR201213""|{{cite web|url = http://www.moneycontrol.com/financials/hdfcbank/balance-sheet/HDF01|title = Balance Sheet of HDFC Bank|publisher = moneycontrol|access-date = 7 January 2016|archive-date = 4 April 2020|archive-url = https://web.archive.org/web/20200404003111/https://www.moneycontrol.com/financials/hdfcbank/balance-sheet/HDF01|url-status = live | last1=Com | first1=Moneycontrol }}|</ref>}}",{{increase}} {{INRConvert|4.71|lc|lk|=|on}} {{Citation needed|date|=|November 2025}},{{increase}} {{INRConvert|96242|c}} {{Citation needed|date|=|November 2025}},{{increase}} {{INRConvert|70792|c}} {{Citation needed|date|=|November 2025}},{{increase}} {{INRConvert|39.10|lc}} {{Citation needed|date|=|November 2025}},{{increase}} {{INRConvert|5.17|lc}} {{Citation needed|date|=|November 2025}},{{formatnum:214521}} (FY25),[[HDFC Life]]<br />[[HDFC ERGO General Insurance Company|HDFC ERGO]]<br />HDFC Securities <br />HDFC AMC (HDFC Mutual Fund)<br />HDB Financial Services <br />HDFC Capital Advisors,,{{Official URL}},Financials {{as of|2024|03|31|lc|=|y|df|=|yes}} .,HDFC Bank,,,,,2025,2025,2025,2025,2025,,,India,"9,092 branches <br />20,993 ATMs",,,,,,,,Headquarters in [[Mumbai]],,,,,,,,,,,,,,,,,,,,,,,,
Hindustan Unilever Limited,Hindustan Unilever Logo.svg,250px,,Public company,{{ubl|BSE|500696|NSE|HINDUNILVR|[[BSE SENSEX]] constituent|[[NIFTY 50|NSE NIFTY 50]] constituent}} {{BSE|500696}} {{NSE|HINDUNILVR}},,,,,Priya Nair (CEO and MD),,{{ISIN|sl|=|n|pl|=|y|INE030A01027}},[[Fast-moving consumer goods]],{{hlist |Foods |cleaning agents |[[personal care]] |skin care |[[dietary supplement]]s |[[protein supplement]]s}},{{increase}} {{INRConvert|627|b}} (2024),{{increase}} {{INRConvert|139|b}} (2024),{{increase}} {{INRConvert|103|b}} (2024),{{increase}} {{INRConvert|785|b}} (2024),{{increase}} {{INRConvert|514|b}} (2024),"27,764 (2024)(including 19,109 workers)",,[[Unilever]] (61.90%),{{URL|https://www.hul.co.in/}},,Hindustan Unilever,,"[[Mumbai]], Maharashtra",India,,,,,,,,,,,,,,,,,,,,,,,,{{Start date and age|1933}},Indian Vanaspati Manufacturing Company (1931–1956)<br />[[Lever Brothers]] India Limited (1933–1956)<br />United Traders Limited (1935–1956)<br />Hindustan Lever Limited (1956–2007),,,,,,,,,,,,,,,,,
ICICI Bank Limited,ICICI Bank Logo.svg,,Industrial Credit and Investment Corporation of India,[[Private company|Private]],{{ubl|BSE|532174|NSE|ICICIBANK|NYSE|IBN|[[BSE SENSEX]] constituent|[[NIFTY 50|NSE NIFTY 50]] constituent}} {{BSE|532174}} {{NSE|ICICIBANK}} {{NYSE|IBN}},{{Start date and age|df|=|yes|1955|01|05}},,,"[[Mumbai]], [[Maharashtra]], India (corporate headquarters)
----
[[Vadodara]], [[Gujarat]], India (registered office)",{{ubl|[[Pradeep Kumar Sinha]] (Part-time Chairman)|ref|{{cite news |title=RBI approves appointment of Pradeep Kumar Sinha as Part-time Chairman of ICICI Bank|url=https://economictimes.indiatimes.com/industry/banking/finance/banking/rbi-approves-appointment-of-pradeep-kumar-sinha-as-part-time-chairman-of-icici-bank/articleshow/110412028.cms?utm_source=contentofinterest&utm_medium=text&utm_campaign=cppst|access-date=25 May 2024 |work=[[The Economic Times (India)|The Economic Times]]}}|</ref>| |[[Sandeep Bakhshi]] (MD & CEO)}},Worldwide,{{ISIN|sl|=|n|pl|=|y|INE090A01021}},[[Financial services]],{{ubl|[[Retail banking|Consumer banking]]|[[Commercial banking]]|[[Insurance]]|[[Credit cards]]|[[Investment banking]]|[[Mortgage loan]]s|[[Private banking]]|[[Private equity]]|[[Investment management]]|[[Asset management]]|[[Wealth management]]|[[Stockbroking]]}},{{Increase}} {{INRConvert|2.946|t|lk|=|r}},{{increase}} {{INRconvert|777.59|b|lk|=|r}},{{Increase}} {{INRConvert|510.29|b|lk|=|r}},{{Increase}} {{INRConvert|21.182|t|lk|=|r}},{{Increase}} {{INRConvert|3.104|t|lk|=|r}},"{{down}} 129,177 (2025)",[[ICICI Prudential Life Insurance]] <br>[[ICICI Prudential Mutual Fund]]<br>[[ICICI Lombard]] <br>ICICI Securities <br>ICICI Direct <br>[[ICICI Home Finance Company]],,{{URL|https://icici.bank.in/}},,ICICI Bank,,,,,2025,2025,2025,2025,2025,,,,"7,246",September 2025,,[[Tier 1 capital|Tier 1]] 16.97% (2022),,"{{plainlist|
* [[S&P Global Ratings|S&P]] BBB-/Stable|ref| name=""ratings""|
* [[Moody's Investors Service|Moody's]] Baa3/Stable|ref| name=""ratings""|
* [[Fitch Ratings|Fitch]] BB+/Stable|ref| name=""ratings""|[https://www.icicibank.com/about-us/credit-rating Credit Rating] {{Webarchive|url=https://web.archive.org/web/20230204063828/https://www.icicibank.com/about-us/credit-rating |date=4 February 2023 }} ICIC Bank|</ref>|}} * [[Moody's Investors Service|Moody's]] Baa3/Stable * [[Fitch Ratings|Fitch]] BB+/Stable",Icici-bandra_kurla_complex.jpg,,"Headquarters in [[Bandra Kurla Complex]], [[Mumbai]]",,,,,,,,,,,,,,,,,,,,,,,,
Infosys Limited,Infosys logo.svg,175px,Infosys Consultants (1981–1992)<br>Infosys Technologies (1992–2011),[[Public company|Public]],{{Unbulleted list|BSE|500209|NSE|INFY|NYSE|INFY|[[BSE SENSEX]] constituent|[[NIFTY 50|NSE NIFTY 50]] constituent}} {{BSE|500209}} {{NSE|INFY}} {{NYSE|INFY}},"{{Start date and age|2 July 1981}} in [[Pune]], India",,,"[[Bengaluru]], [[Karnataka]]",[[Nandan Nilekani]]<br> {{small|([[Chairman]])}} <br>[[Salil Parekh]]<br> {{small|([[Managing Director|MD]] & [[Chief Executive Officer|CEO]])}},Worldwide,{{ISIN|sl|=|n|pl|=|y|INE009A010321}},[[Information technology]] [[Consulting]]<br>[[Outsourcing]],{{hlist|[[Finacle]]|[[Panaya]]}},{{Increase}} {{INRConvert|166590|c}} (2025),{{Increase}} {{INRConvert|37608|c}} (2025),{{Increase}} {{INRConvert|26750|c}} (2025),{{Increase}} {{INRConvert|148903|c}},{{Increase}} {{INRConvert|96203|c}},"323,578 (March 2025)",,,{{URL|https://infosys.com}},Financials {{as of|2025|03|31|lc|=|y|df|=|yes}} .,Infosys,{{Unbulleted list|[[N. R. Narayana Murthy]]|[[Nandan Nilekani]]|[[Kris Gopalakrishnan]]|[[S. D. Shibulal]]|K. Dinesh|[[N. S. Raghavan]]|Ashok Arora}},,,Infosys Logo,,,,2025,2025,,,India,,,,,,,Infosys (4911287704).jpg,250px,Headquarters in [[Bengaluru]],,,,{{Unbulleted list|[[Infosys Consulting]]|[[Infosys BPM]]|[[EdgeVerve Systems]]}},,,,Infosys Pyramid,,,,,,,,,,,,,,,,
Kotak Mahindra Bank,Kotak Mahindra Bank logo.svg,,,[[Public company|Public]],{{ubl|BSE|500247|NSE|KOTAKBANK|[[BSE SENSEX]] constituent|[[NIFTY 50|NSE NIFTY 50]] constituent}} {{BSE|500247}} {{NSE|KOTAKBANK}},{{Start date and age|1985|df|=|yes}},,,,{{ubl|[[Uday Kotak]]<br />|small|(non-executive director)|[[Ashok Vaswani]]<br/>|small|(MD & CEO)}} {{small|(non-executive director)}} {{small|(MD & CEO)}},,{{ISIN|sl|=|n|pl|=|y|INE237A01028}},[[Financial services]],{{ubl|[[Retail banking|Consumer banking]]|[[Commercial banking]]|[[Insurance]]|[[Credit cards]]|[[Investment banking]]|[[Mortgage loan]]s|[[Private banking]]|[[Private equity]]|[[Investment management]]|[[Asset management]]|[[Wealth management]]|[[Stockbroking]]}},{{Increase}} {{INRConvert|94274|c}},{{Increase}} {{INRConvert|25836|c}},{{Increase}} {{INRConvert|18213|c}},{{Increase}} {{INRConvert|693624|c}},{{Increase}} {{INRConvert|128898|c}},"116,000+ (March 2024)",{{ubl|[[Kotak Mahindra General Insurance]]|[[Kotak Life Insurance]]|Kotak Mutual Fund|[[Kotak Securities]]|ref|{{Cite web|url=https://www.kotaksecurities.com/ksweb/About-Us/Why-Choose-Us/About-Kotak-Securities|title=About our Stock Broking Services|website=Kotak Securities®|date=27 September 2014 }}|</ref>|Kotak Mahindra Prime}},,{{Url|https://www.kotak.bank.in|www.kotak.bank.in}},,Kotak Mahindra Bank,[[Uday Kotak]],,,,2024,2024,2024,2024,2024,,,,,,"[[Mumbai]], [[Maharashtra]], India",,{{increase}} {{INRConvert|420880|c|lk|=|on}} (2023),,,,,,,,,,,,,Kotak Mahindra Bank logo,,,,,,,,,,,,,,,
Larsen & Toubro Limited,Larsen&Toubro logo.svg,80px,,[[Public company|Public]],{{ubl|BSE|500510|NSE|LT|[[BSE SENSEX]] constituent|[[NIFTY 50|NSE NIFTY 50]] constituent}} {{BSE|500510}} {{NSE|LT}},,,"L&T House, [[Ballard Estate]]","Mumbai, Maharashtra",{{ubl|[[A. M. Naik]] <br /> |small|([[Emeritus|Chairman Emeritus]])|[[S. N. Subrahmanyan]] <br /> |small|([[Chairman]] & [[Managing Director|MD]])|R. Shankar Raman <br /> |small|([[Chief Financial Officer|CFO]])}} {{small|([[Emeritus|Chairman Emeritus]])}} {{small|([[Chairman]] & [[Managing Director|MD]])}} {{small|([[Chief Financial Officer|CFO]])}},Worldwide,{{ISIN|sl|=|n|pl|=|y|INE018A01030}},[[Conglomerate (company)|Conglomerate]],"{{hlist
| Construction & Mining Machinery
| Defence Equipment and Vessels
| Heavy Equipment
| Power Generation Equipment
| Rubber Processing Machinery
| [[Valves]]}}",{{Increase}} {{INRConvert|259859|c}},{{Increase}} {{INRConvert|23104|c}},{{Increase}} {{INRConvert|17687|c}},{{Increase}} {{INRConvert|379524|c}},{{Increase}} {{INRConvert|115404|c}},"407,438 (including 348,094 workmen)","{{plainlist|
* [[LTIMindtree]]
* [[L&T Technology Services]]
* L&T Heavy Engineering
* [[Hyderabad Metro Rail|L&T Metro Rail]]
* L&T Realty
* [[L&T Shipbuilding]]}}",,,,Larsen & Toubro,"{{Unbulleted list
|[[Henning Holck-Larsen]]|[[Søren Kristian Toubro]]}}",,,,2025,2025,2025,2025,2025,,2024,India,,,,,,,L&T Construction Head office chennai.jpg,,"L&T office in [[Manapakkam]], [[Chennai]] with core sector divisions",,,,"*Real Estate (Realty)
*[[Technology]]
*[[Ecommerce|B2B eCommerce]]
*[[Engineering]]
*[[Construction]]
*[[Manufacturing]]","{{hlist
| [[Electric power industry|Power generation]] 
| [[Ecommerce]]
| [[Infrastructure]]
| [[Construction]]
| [[Heavy industry]] 
| [[IT services]] 
| [[Rapid transit]] 
| [[Financial services]]
| [[Shipbuilding]]
| [[Real estate]]
| [[Defence (military)|Defence]]}}","{{Start date and age| 7 February 1946}} <br /> [[Bombay]], [[Bombay Presidency]], [[British India]]<br /> {{small|(present-day [[Mumbai]], [[Maharashtra]], [[India]])}}",,,,{{URL|http://www.larsentoubro.com/}},,,,,,,,,,,,,,
Mahindra & Mahindra Limited,Mahindra logo.svg,,,[[Public company|Public]],"{{plainlist|
*|BSE|500520|
*|NSE|M&M|
*[[BSE SENSEX]] constituent
*[[NIFTY 50|NSE NIFTY 50]] constituent}} {{BSE|500520}} * {{NSE|M&M}} *[[BSE SENSEX]] constituent
*[[NIFTY 50|NSE NIFTY 50]] constituent",,,,,"{{plainlist|
*[[Anand Mahindra]] ([[Chairman]])
*[[Anish Shah (Businessman)|Anish Shah]] ([[Managing Director|MD]] & [[Chief Executive Officer|CEO]])|ref|{{cite news |website=Livemint |title=Mahindra appoints Anish Shah as the MD and CEO, effective from April 2 | url=https://www.livemint.com/companies/news/mahindra-appoints-anish-shah-as-the-md-and-ceo-effective-from-april-2-11616762650940.html|date=26 March 2021|access-date=12 July 2021}}|</ref>|
*[[Rajesh Jejurikar]]<br />(Executive Director AFS)}} *[[Rajesh Jejurikar]]<br />(Executive Director AFS)",Worldwide,{{ISIN|sl|=|n|pl|=|y|INE101A01026}},[[Automotive industry|Automotive]],"{{plainlist|
*[[Automobile]]s
*[[SUV|Luxury SUV]]s
*[[Commercial vehicle]]s
*[[Tractor]]s
*[[Motorcycles]]}}",{{increase}} {{INRConvert|159211|c}},{{increase}} {{INRConvert|24892|c}},{{increase}} {{INRConvert|12929|c}},{{increase}} {{INRConvert|83811|c}},{{increase}} {{INRConvert|52276|c}},"140,619 (2022)","{{plainlist|
* [[Mahindra Tractors]] 
* [[Mahindra Truck and Bus Division]]
* [[Jawa Motorcycles]]
* [[Yezdi]]
* [[Automobili Pininfarina]]
* [[Pininfarina]]
* [[SML Mahindra]]}}",[[Mahindra Group]],{{URL|auto.mahindra.com}},,Mahindra & Mahindra,"{{plainlist|
*[[J. C. Mahindra]]
*[[Kailash Chandra Mahindra|K. C. Mahindra]]
*[[Malik Ghulam Muhammad]]}}",,,,FY2025,FY2024,FY2025,FY2024,FY2024,,,India,,,"[[Worli]], [[Mumbai]]",,,,,,,,,,,,{{Start date and age|1945|10|2|df|=|yes}},,,,,"{{increase}} 528,460 vehicles",2024,,,,,,,,,,,,
Maruti Suzuki India Limited,Maruti Suzuki logo.svg,280px,Maruti Udyog Limited,[[Public]] [[subsidiary]],{{Unbulleted list|BSE|532500|NSE|MARUTI|[[BSE SENSEX|BSE SENSEX Constituent]]|[[NIFTY 50|NSE NIFTY 50 Constituent]]}} {{BSE|532500}} {{NSE|MARUTI}},{{Start date and age|1981|02|24|df|=|yes}},[[Government of India]],,,"{{ubl
  | [[R. C. Bhargava]]<br>|small|([[chairman]])|
  | Hisashi Takeuchi<br>|small|([[Managing Director]] & [[CEO]])|ref| name=""Board of Directors""|{{Cite web|url=https://www.marutisuzuki.com/corporate/about-us/leadership|title=Our Leadership - Maruti Suzuki India Limited|website=Marutisuzuki.com}}|</ref>|
  | Kenichi Ayukawa|ref| name=""Board of Directors""| <br>|small|(Executive [[Vice Chairman]])|
  | Shasank Srivastava<br>|small|(Executive Director)|}} {{small|([[chairman]])}} {{small|([[Managing Director]] & [[CEO]])}} <br> {{small|(Executive [[Vice Chairman]])}} {{small|(Executive Director)}}",India,{{ISIN|sl|=|n|pl|=|y|INE585B01010}},[[Automotive industry|Automotive]],"{{unbulleted list
  | [[Car|Automobiles]]
  | [[Commercial vehicles]]
  | [[List of auto parts|Automotive parts]]}}",{{increase}} {{INRConvert|145952|c}} (2024),{{increase}} {{INRConvert|17424|c}} (2024),{{increase}} {{INRConvert|13488|c}} (2024),{{Increase}} {{INRConvert|115353|c}} (2024),{{Increase}} {{INRConvert|85636|c}} (2024),"40,004 (including 21,776 non permanent) (2024)",,"{{Unbulleted list|[[Suzuki|Suzuki Motor Corporation]]|ref|{{Cite web|url=https://www.financialexpress.com/market/stock-market/maruti-suzuki-india-ltd-stock-price/share-holdings/|date=12 May 2021|website=Financial Express|title=MARUTI SUZUKI INDIA LTD SHARE HOLDINGS
}}|</ref>}}",{{URL|http://www.marutisuzuki.com/}},,Maruti Suzuki,,,,,,,,,,,,,,,"[[New Delhi]], India",,,,,,,,,,,"{{unbulleted list
  | [[Finance|Automotive finance]]
  | [[Service (motor vehicle)|Vehicle service]]}}",,,,,,"{{Increase}} 2,135,323 units (2024)",,,,,,,,,,,,,
,,,,,,,,,,,,,,,,,,,,,,,,,Power Grid,,,,,,,,,,,,,,,,,,,,,"In ''Power Grid'', players compete to build up electrical networks from scratch and be the player to power the most cities at the end of the game.",,,,,,,,"Cover of the game, showing a man turning a control knob",,,,,''Power Grid'',[[Image:PGbox cover cropped.jpg|150px|Box cover of ''Power Grid'' by Friedemann Friese]],2 to 6,[[Friedemann Friese]],[[Rio Grande Games]],12 and up,10–15 minutes,120+ minutes,Medium,"Buying, resource management",,
Reliance Industries Limited,Reliance Industries.svg,200px,Reliance Commercial Corporation (1958–1966)<br /> Reliance Textiles and Engineers (1966–1973),[[public company|Public]],{{Unbulleted list|BSE|500325|NSE|RELIANCE|LSE|RIGD|[[BSE SENSEX]] constituent|[[NIFTY 50|NSE NIFTY 50]] constituent}} {{BSE|500325}} {{NSE|RELIANCE}} {{LSE|RIGD}},{{start date and age|1958|df|=|yes}},[[Dhirubhai Ambani]],,,[[Mukesh Ambani]]<br /> (Chairman & Managing Director),Worldwide,{{ISIN|sl|=|n|pl|=|y|INE002A01018}},[[Conglomerate (company)|Conglomerate]],[[Petroleum]]<br/>[[Natural gas]]<br/>[[Chemical industry|Chemical]]<br/>[[Petrochemical]]<br/>[[Oil refining]]<br/>[[Retail]]<br/>[[Telecommunications]]<br/>[[Mass Media|Media]]<br/>[[Entertainment]],{{up}} {{INRConvert|9.98|lc|lk|=|on}},{{up}} {{INRConvert|1.83|lc}},{{up}} {{INRConvert|81309|c}},{{up}} {{INRConvert|19.50|lc}},{{up}} {{INRConvert|10.09|lc}},"347,362 (2024)",{{collapsible list|[[Jio Platforms]] (67.03%)<br/>[[Reliance Retail]]<br/>[[Jio-bp]] (51%)<br/>[[JioStar]] (16.34%)<br/>[[Network18 Group]] (56.89%)<br/>[[DEN Networks]] (78.62%)<br/>[[Hathway]] (71.95%)<br/>[[Alok Industries]] (75%)<br/>[[Reliance Foundation]]<br/>Indiawin Sports<br/>[[Relicord]]<br/>[[Reliance Institute of Life Sciences]]<br/>[[Reliance Industrial Infrastructure]] (45.43%)<br/>Sterling and Wilson Renewable Energy<br/>Reliance New Energy Ltd.<br />[[Sikka Port|Sikka Ports & Terminals Limited]]<br/>[[Renewable Energy Corporation]]}},,{{official URL}},Financials {{as of|2025|03|31|lc|=|y|df|=|yes}} .,Reliance Industries,,"[[Mumbai]], [[Maharashtra]]",,,2025,2025,2025,2025,2025,[[Mukesh Ambani|Ambani family]] (51%),,India,,,,,,,,250px,,,,,,,,,,,,,,,,,,,,,,,,,
State Bank of India (SBI),State Bank of India.svg,150px,,[[Public company|Public]],{{ubl|NSE|SBIN|BSE|500112|LSE|SBID|[[BSE SENSEX]] constituent|[[NIFTY 50|NSE NIFTY 50]] constituent}} {{NSE|SBIN}} {{BSE|500112}} {{LSE|SBID}},"{{start date and age|df|=|y|1955|07|01}} <br /> State Bank of India
---- {{ubl|
|start date|1921|01|27|df|=|yes|<br /> [[Imperial Bank of India]]
:|start date|1806|06|02|df|=|yes|<br /> [[Bank of Calcutta]]
:|start date|1840|04|15|df|=|yes|<br /> [[Bank of Bombay]]
:|start date|1843|07|01|df|=|yes|<br /> [[Bank of Madras]]}} {{start date|1921|01|27|df|=|yes}} <br /> [[Imperial Bank of India]]
: {{start date|1806|06|02|df|=|yes}} <br /> [[Bank of Calcutta]]
: {{start date|1840|04|15|df|=|yes}} <br /> [[Bank of Bombay]]
: {{start date|1843|07|01|df|=|yes}} <br /> [[Bank of Madras]]",,,,"{{ubl
  | [[Challa Sreenivasulu Setty |C. Sreenivasulu Setty]] ([[List of chairmen of the State Bank of India|chairman]])|ref|{{cite web|url=https://www.livemint.com/companies/news/govt-appoints-dinesh-kumar-khara-as-sbi-chairman-for-3-years-11602000392605.html|work=livemint|title=govt-appoints-dinesh-kumar-khara-as-sbi-chairman-for-3-years|date=6 October 2020|access-date=7 October 2020}}|</ref>|
  | Kameshwar Rao Kodavanti ([[Chief Financial Officer|CFO]])|ref|{{cite news|url= https://economictimes.indiatimes.com/industry/banking/finance/banking/sbi-appoints-kameshwar-rao-kodavanti-as-cfo/articleshow/101419102.cms|title= SBI appoints Kameshwar Rao Kodavanti as CFO|newspaper= The Economic Times|date= July 2023}}|</ref>|}}",India,{{ISIN|sl|=|n|pl|=|y|INE062A01020}},"[[Banking]], [[financial services]]",{{ubl|[[Retail banking]]|[[Corporate banking]]|[[Investment banking]]|[[Mortgage loan]]s| [[Private banking]]|[[Wealth management]]|[[Asset management]]|[[Investment management]]|[[Credit cards]]|[[Insurance]]}},{{increase}} {{INRConvert|5.24|t|lk|=|r}},{{increase}} {{INRConvert|1.10|t|lk|=|r}},{{increase}} {{INRConvert|709.1|b}},{{increase}} {{INRConvert|66.76|t|lk|=|r}},{{increase}} {{INRConvert|4.86|t|lk|=|r}},"2,36,221",{{ubl|[[SBI Life Insurance Company|SBI Life Insurance Ltd]]|[[SBI Mutual Fund]] (63%)|[[SBI Cards]] and Payment Services Ltd (68.63%)|[[SBI General Insurance]] (69.11%)}},,,,State Bank of India,,,,,2025,2025,2025,2025,2025,[[Government of India]] (55.50%),,,"22,980 branches <br/>62,200 ATMs",,"State Bank Bhavan, M.C. Road, [[Nariman Point]], [[Mumbai]], [[Maharashtra]], India",[[Tier 1 capital|Tier 1]] 14.28%(2024),,"{{plainlist|
* [[S&P Global Ratings|S&P]] BBB− / A-3/ Stable|ref| name=""ratings""|
* [[Moody's Investors Service|Moody's]] Baa3/ P-3/ Stable|ref| name=""ratings""|
* [[Fitch Ratings|Fitch]] BBB− / F-3/ Stable|ref| name=""ratings""|{{cite web | url=https://sbi.co.in/web/investor-relations/bank-ratings | title=Bank Ratings - Investor Relations }}|</ref>|}} * [[Moody's Investors Service|Moody's]] Baa3/ P-3/ Stable * [[Fitch Ratings|Fitch]] BBB− / F-3/ Stable",State Bank of India Corporate Centre Mumbai.jpg,,"State Bank Bhavan, [[Nariman Point]], [[Mumbai]]",,,,,,,"{{Plainlist|
[[Imperial Bank of India]]<br />(1921 |endash| 1955)
:[[Bank of Calcutta]]<br />(1806 |endash| 1921)
:[[Bank of Bombay]]<br />(1840 |endash| 1921)
:[[Bank of Madras]]<br />(1843 |endash| 1921)}} {{endash}} 1955)
:[[Bank of Calcutta]]<br />(1806 {{endash}} 1921)
:[[Bank of Bombay]]<br />(1840 {{endash}} 1921)
:[[Bank of Madras]]<br />(1843 {{endash}} 1921)",SBI Headquarters,The Banker to Every Indian,{{ubl|URL|https://sbi.bank.in/|URL|https://retail.sbi.bank.in/}} {{URL|https://sbi.bank.in/}} {{URL|https://retail.sbi.bank.in/}},,,,,,,,,,,,,,
Sun Pharmaceutical Industries Limited,Sun Pharma logo.svg,120px,,[[Public company|Public]],{{Unbulleted list|BSE|524715|NSE|SUNPHARMA|[[BSE SENSEX]] constituent|[[NIFTY 50|NSE NIFTY 50]] constituent}} {{BSE|524715}} {{NSE|SUNPHARMA}},,[[Dilip Shanghvi]],,"[[Mumbai]], [[Maharashtra]]",Dilip Shanghvi (MD),Worldwide,INE044A01036,[[Pharmaceutical industry|Pharmaceuticals]],{{hlist|[[Medication|Pharmaceutical drugs]]| [[generic drug]]s| [[antiviral drug]]s| [[over-the-counter drug]]s| [[vaccine]]s| [[Medical diagnosis|diagnostics]]| [[contact lens]]es| [[Veterinary medicine|animal health]]| [[dietary supplements]]|[[protein supplement]]s}},{{profit}} {{INRConvert|52578|c}} (2025),{{profit}} {{INRConvert|15271|c}} (2025),{{profit}} {{INRConvert|11984|c}} (2025),{{profit}} {{INRConvert|92100|c}} (2025),{{profit}} {{INRConvert|72485|c}} (2025),"41,000+",,,,Financials {{as of|2025|03|31|lc|=|y|df|=|yes}} .,Sun Pharma,,,,,,,,,,Dilip Shanghvi family (54.48%),2023,India,,,,,,,,250px,"Sun Pharma headquarters in [[Mumbai]], India",,,,,,{{start date and age|1983}},,,,{{URL|https://sunpharma.com/}},,,,,,,,,,,,,,
Tata Consultancy Services Limited,Tata Consultancy Services.svg,,,[[Public company|Public]],{{Unbulleted list|BSE|532540|NSE|TCS|[[BSE SENSEX]] constituent|[[NIFTY 50|NSE NIFTY 50]] constituent}} {{BSE|532540}} {{NSE|TCS}},{{start date and age|df|=|yes|1968}},[[J. R. D. Tata]],,,[[Natarajan Chandrasekaran]]<br> {{small|(Chairman)}} <br/>K. Krithivasan<br> {{small|([[Managing director|MD]] & [[CEO]])}},Worldwide,{{ISIN|sl|=|n|pl|=|y|INE467B01029}},[[Information technology]]<br>[[Consulting]]<br>[[Outsourcing]],,{{Increase}} {{INRConvert|259286|c}},{{Increase}} {{INRConvert|65331|c}},{{Increase}} {{INRConvert|48797|c}},{{Increase}} {{INRConvert|159629|c}},{{Increase}} {{INRConvert|95771|c}},"593,314 (September 2025)",{{Unbulleted list|[[TRDDC]]}},[[Tata Group]],{{URL|https://www.tcs.com/}},Financials {{as of|2025|03|31|lc|=|y|df|=|yes}} .,Tata Consultancy Services,,,,TCS Logo,2025,2025,2025,2025,2025,[[Tata Sons]] (71.74%),,,,,"[[Mumbai]], [[Maharashtra]], India",,,,File:TCS SIPCOT Building.jpg,,"A TCS campus at [[SIPCOT IT Park|SIPCOT]], [[Chennai]]",,,,,,,,TCS SIPCOT Office,,,,,,,,,,,,,,,,
Tata Motors Limited,Tata Motors Logo.svg,,"{{unbulleted list
  | Tata Engineering & Locomotive Co. (TELCO) (1945-1962)
| <!-- TML Commercial Vehicles Ltd. (Oct 2025) is the demrged entity that was later renamed as Tata Motors Ltd on 29 Oct 2025; while the Original Tata Motors Ltd. became the Tata Motors Passenger Vehicles Ltd (TMPVL) on 13 Oct 2025.  -->
|}}",[[Public company|Public]],{{Unbulleted list|BSE|500570|NSE|TATAMOTORS|[[BSE SENSEX]] constituent|[[NIFTY 50|NSE NIFTY 50]] constituent}} {{BSE|500570}} {{NSE|TATAMOTORS}},{{Start date and age|1945}},[[J. R. D. Tata]],,,{{ubl|[[Natarajan Chandrasekaran|N. Chandrasekaran]] ([[chairman]])|Shailesh Chandra ([[Chief Executive Officer|CEO]])|[[PB Balaji]] ([[Chief financial officer|CFO]])|ref|{{cite web |title=Tata Motors Ltd |url=https://www.reuters.com/markets/companies/TAMO.NS/ |publisher=Reuters |access-date=19 May 2024}}|</ref>}},Worldwide,{{ISIN|sl|=|n|pl|=|y|IN9155A01020}},[[Automotive industry|Automotive]],"{{unbulleted list
  | [[Car|Automobiles]]
  | [[Luxury vehicles]]
  | [[Commercial vehicles]]
  | [[Bus]]
  | [[Van]]
  | [[List of auto parts|Automotive parts]]
  | [[Pickup trucks]]
  | [[SUVs]]}}",{{increase}} {{INRConvert|445939|c}} (FY2025),{{profit}} {{INRConvert|33780|c}} (FY2025),{{down}} {{INRConvert|28149|c}} (FY2025),{{profit}} {{INRConvert|378642|c}} (FY2025),{{profit}} {{INRConvert|122754|c}} (FY2025),"91,811 (FY2024)","{{plainlist|
* [[Tata Motors Cars|Tata Motors Passenger Vehicles Ltd.]]
* [[Iveco]]
* [[Jaguar Land Rover]]
* [[Tata Daewoo]]
* [[Tata Marcopolo]]
* [[Tata Technologies]]
* [[Tata Hitachi Construction Machinery]]}}",[[Tata Group]],{{URL|https://www.tatamotors.com/|tatamotors.com}},,Tata Motors,,,,,,,,,,,,,,,"[[Mumbai]], [[Maharashtra]], India",,,,"Tata_EVision,_GIMS_2018,_Le_Grand-Saconnex_(1X7A1189).jpg",,,,,,,"{{unbulleted list
  | [[Vehicle leasing]]
  | [[Service (motor vehicle)|Vehicle service]]}}",,,,,,1.1 million (2021),,,,,,,,,,,,Demerged into TMPVL and TMLCV on 1st Oct 2025,"{{unbulleted list
  | Tata Motors Ltd. <small>(formerly TMLCV Ltd.)</small>
  | [[Tata Motors Cars|Tata Motors Passenger Vehicles Ltd.]]}}"
Tata Steel Limited,Tata Steel Logo.svg,250px,Tata Iron and Steel Company Limited,[[Public company|Public]],"{{Unbulleted list|BSE|500470|NSE|TATASTEEL|
|[[BSE SENSEX]] constituent|[[NIFTY 50|NSE NIFTY 50]] constituent}} {{BSE|500470}} {{NSE|TATASTEEL}}","{{Start date and age|df|=|yes|1907|8|26}} at [[Jamshedpur]], [[Bihar]] (now in [[Jharkhand]]), India",,,,[[T. V. Narendran]]<br /> {{small|(MD & CEO)}},Worldwide,{{ISIN|sl|=|n|pl|=|y|INE081A01020}},[[Steel industry|Steel]] <br /> [[Iron industry|Iron]],[[Steel]] <br /> [[Long steel products]] <br /> [[Structural steel]] <br />[[Wire|Wire products]] <br /> [[Steel casing pipe]]s <br /> [[Household goods]],{{Decrease}} {{INRConvert|220083|c}} (FY2025),{{Increase}} {{INRConvert|9268|c}} (FY2025),{{Increase}} {{INRConvert|3174|c}} (FY2025),{{Increase}} {{INRConvert|279395|c}} (FY2025),{{Decrease}} {{INRConvert|91353|c}} (FY2025),"{{up}} 78,321 (2024)",Tata Steel UK<br />[[Tata Steel Netherlands]]<br />Tata Steel Thailand<br />[[Jamshedpur FC]]<br />Tata Robins Fraser Ltd.<br />Mjunction,[[Tata Group]],{{URL|http://www.tatasteel.com}},Financials {{as of|2025|03|31|lc|=|y|df|=|yes}} .,Tata Steel,[[Jamsetji Tata]]<br />[[Dorabji Tata]],,,,,,,,,,,,,,"[[Mumbai]], [[Maharashtra]], India <br /> {{coord|18.9316|72.8327|type:landmark_region:IN|display|=|inline,title}}",,,,,,,,,,,,,,,,,,,,,,,,,,,,,,
,TM Logo Color Pos RGB.svg,,Mahindra British Telecom (1986–2006),[[public company|Public]],{{Unbulleted list|BSE|532755|NSE|TECHM|[[BSE SENSEX]] constituent|[[NIFTY 50|NSE NIFTY 50]] constituent}} {{BSE|532755}} {{NSE|TECHM}},,[[Anand Mahindra]],,,"{{ubl
| [[Anand Mahindra]] |small|(Chairman)| 
| Mohit Joshi |small|(MD & CEO)|ref|{{cite web | url=https://www.techmahindra.com/en-in/techm-appoints-mohit-joshi-as-md-and-ceo-designate/ | title=Tech Mahindra appoints Mohit Joshi as MD & CEO designate | date=11 March 2023 }}|</ref>|
| Atul Soneja |small|(COO)|ref|{{cite web | url=https://www.thehindubusinessline.com/info-tech/experts-call-for-building-digital-infra-upskilling-to-tap-it-talent-in-small-cities/article69225681.ece | title=Experts call for building digital infra, upskilling to tap IT talent in small cities | date=16 Feb 2025}}|</ref>|
| Rohit Anand |small|(CFO)|ref|{{cite web | url=https://timesofindia.indiatimes.com/technology/tech-news/this-indian-it-company-added-highest-number-of-employees-in-second-quarter-of-fy2025-among-the-top-5-it-companies-in-india/articleshow/114477437.cms
 | title=This Indian IT company added highest number of employees in second quarter of FY2025 among the Top 5 IT companies in India | date=23 Oct 2024}}|</ref>|}} {{small|(Chairman)}} {{small|(MD & CEO)}} {{small|(COO)}} {{small|(CFO)}}",Worldwide,{{ISIN|sl|=|n|pl|=|y|INE669C01036}},[[Information technology]]<br>[[Consulting]]<br>[[Outsourcing]],,{{increase}} {{INRConvert|53847|c}} (2025),{{increase}} {{INRConvert|5653|c}} (2025),{{increase}} {{INRConvert|4499|c}} (2025),{{increase}} {{INRConvert|44494|c}},{{increase}} {{INRConvert|27791|c}},"148,731 (March 2025)",,[[Mahindra Group]],{{URL|http://www.techmahindra.com/}},Financials {{as of|2025|03|31|lc|=|y}} .,Tech Mahindra,,,,,,,,2025,2025,,,,,,"[[Pune]], [[Maharashtra]], India",,,,,,,,,,,,{{Start date and age|24 October 1986}},,,,,,,,,,,,,,,,,,
Titan Company Limited,"Logo of Titan Company, May 2018.svg",180px,,[[Public company|Public]],{{Unbulleted list |BSE|500114|NSE|TITAN|[[BSE SENSEX]] constituent|[[NIFTY 50|NSE NIFTY 50]] constituent}} {{BSE|500114}} {{NSE|TITAN}},{{Start date and age|1984}},[[Xerxes Desai]],,,{{Unbulleted_list|Arun Roy |small|([[Chairman]])|C. K. Venkataraman |small|([[CEO]]|)|Ashok Sharma |small|([[Chief financial officer|CFO]]|)|ref|{{cite web |title=Titan Company Ltd |url=https://www.reuters.com/markets/companies/TITN.NS |website=Reuters |access-date=21 June 2024}}|</ref>}} {{small|([[Chairman]])}} {{small|([[CEO]]}} ) {{small|([[Chief financial officer|CFO]]}} ),Worldwide,{{ISIN|sl|=|n|pl|=|y|INE280A01028}},[[Lifestyle business|Lifestyle]],"[[Watches]], [[Jewellery]], [[Bags]], [[Perfume]]s, [[Belt (clothing)|Belts]], [[Wallets]] and [[Eyewear]]",{{increase}} {{INRConvert|60942|c}},{{increase}} {{INRConvert|4534|c}},{{increase}} {{INRConvert|3337|c}} (FY2025),{{increase}} {{INRConvert|40647|c}} (FY2025),{{increase}} {{INRConvert|11624|c}},"8,680 (2024)","{{Plainlist|
*Titan Engineering and Automation Limited}}",[[Tata Group]],{{URL|titancompany.in}},Financials {{as of|2025|03|31|lc|=|y|df|=|yes}} .,Titan Company,,"[[Bangalore]], [[Karnataka]]",India,,FY2025,FY2025,,,FY2025,,,,"2,000+ [[retail store]]s",,,,,,,,,"{{plainlist|
*[[Tamil Nadu Industrial Development Corporation|TIDCO]] (27.88%)
*[[Tata Sons]] (25.02%)|ref|{{cite news |last1=Nair |first1=Remya |title=Tatas got panned for Tanishq ad. But this state govt is the largest shareholder in Titan |url=https://theprint.in/economy/tatas-got-panned-for-tanishq-ad-but-this-state-govt-is-the-largest-shareholder-in-titan/531324/ |access-date=7 December 2021 |work=ThePrint |date=27 October 2020 |archive-date=7 December 2021 |archive-url=https://web.archive.org/web/20211207193204/https://theprint.in/economy/tatas-got-panned-for-tanishq-ad-but-this-state-govt-is-the-largest-shareholder-in-titan/531324/ |url-status=live }}|</ref>}}",,,,,,,,Logo of Titan Company,,,,,,,,,,,,,,,
UltraTech Cement Limited,Ultratech Cement Logo.svg,,,[[Public company|Public]],{{Unbulleted list|BSE|532538|NSE|ULTRACEMCO|[[BSE SENSEX]] constituent|[[NIFTY 50|NSE NIFTY 50]] constituent}} {{BSE|532538}} {{NSE|ULTRACEMCO}},{{start year and age|1983}},,,,"{{plainlist|
*K. C. Jhanwar (Managing Director)
*Vivek Agarwal (Director)}}",,{{ISIN|sl|=|n|pl|=|y|INE481G01011}},[[Building material]]s,[[Cement]],{{Increase}} {{INRConvert|76699|c}},{{Decrease}} {{INRConvert|7636|c}},{{Decrease}} {{INRConvert|6039|c}},{{Increase}} {{INRConvert|133697|c}},{{Increase}} {{INRConvert|70706|c}},"23,137 (excluding 50,516 non-permanent workers) (2024)",,[[Aditya Birla Group]],,Financials {{as of|2025|03|31|lc|=|y|df|=|yes}} .,UltraTech Cement,,,,,2025,2025,2025,2025,2025,[[Grasim Industries]] (56.11%),,,,,"[[Mumbai]], [[Maharashtra]], [[India]]",,,,,,,,,,,,,,,Logo of UltraTech Cement,{{URL|www.ultratechcement.com}},,,,,,,,,,,,,,
