name,logo,logo_alt,logo_size,foundation,founders,hq_location,hq_location_city,hq_location_country,type,industry,brands,area_served,traded_as,revenue,operating_income,net_income,assets,equity,num_locations,num_employees,key_people,homepage,_company_name,image,image_caption,location,products,image_size,image_upright,former_name,ISIN,predecessor,founded,revenue_year,income_year,net_income_year,assets_year,equity_year,owner,num_employees_year,divisions,subsid,footnotes,predecessors,location_country,aum,founder,location_city,services,profit,parent,locations,ratio,former_names,owners,website,logo_upright,image_alt,trade_name,trading_name,native_name_lang,production,production_year,caption,birth_date,birth_place,death_date,era,region,school_tradition,main_interests,notable_ideas,genre
Accor S.A.,Accor logo.svg,Accor logo,150,"{{start date and age|1967|df|=|yes}} <br />[[Paris]], France",{{Unbulleted list|[[Gérard Pelisson]]|[[Paul Dubrule]]}},[[Tour Sequana]],[[Issy-les-Moulineaux]],France,[[Public company|Public]],[[Hospitality industry|Hospitality]],{{hlist|'''Luxury:'''| [[Orient Express (Accor)|Orient Express]] | [[Raffles Hotels and Resorts]] | Faena | [[Banyan Tree Holdings|Banyan Tree Hotels and Resorts]] | [[Sofitel|Sofitel Legend]] | [[Fairmont Hotels and Resorts]] | [[Sofitel]] | MGallery | Emblems}} {{hlist|'''Premium:'''| Mantis | Art Series | [[Pullman Hotels and Resorts|Pullman]] | [[Swissôtel]] | [[Mövenpick Hotels & Resorts|Mövenpick]] | [[Mercure (hotel)#Grand Mercure|Grand Mercure]] | Peppers | The Sebel}} {{hlist|'''Midscale:'''| Mantra | [[Novotel]] | [[Mercure (hotel)|Mercure]] | [[Adagio (hotel)|Aparthotel Adagio]] | Handwritten Collection | Tribe}} {{hlist|'''Economy:'''| BreakFree | [[Ibis (hotel)|ibis]] | [[ibis Styles]] | [[Ibis Budget|ibis ''budget'']] | [[Hotel Formule 1|hotelF1]] | greet}} {{hlist|'''Ennismore:'''| [[21c Museum Hotels]] | 25 Hours | Delano | Gleneagles | Hyde | [[Jo&Joe]] | Mama Shelter | [[Mondrian Hotel|Mondrian]] | Morgans Originals | SLS | SO/ | The Hoxton | working from_ | Rixos | Our Habitas | Rikas}},Worldwide,{{ubl|EuronextParis|AC|FR0000120404|LSE|0H59|FWB|ACR|FWB|ACR1| ([[American Depositary Receipt|ADR]])|[[CAC 40]] component}} {{EuronextParis|AC|FR0000120404}} {{LSE|0H59}} {{FWB|ACR}} {{FWB|ACR1}} ([[American Depositary Receipt|ADR]]),{{increase}} {{€|5.6 billion|link|=|yes}} (2024),{{increase}} {{€|786 million|link|=|yes}} (2024),{{decrease}} {{€|610 million|link|=|yes}} (2024),{{€|12.1 billion|link|=|yes}} (2024),{{€|5.5 billion|link|=|yes}} (2024),"5,700 (end 2025)","360,000+ (2025)",[[Sébastien Bazin]]<br/>(Chairman and [[CEO]]),{{URL|https://all.accor.com/a/en.html|all.accor.com}},Accor,,,,,,,,,,,,,,,,,,,,,,,,,,,,,,,,,,,,,,,,,,,,,,,,,,
Air Liquide S.A.,"Air Liquide - logo (France, 2017).svg",,250px,{{start date and age|1902}},,,,,[[S.A. (corporation)|Société Anonyme]],"[[Chemical industry|Chemicals]], [[Health care]], [[Engineering]]",,,{{EuronextParis|AI|FR0000120073|XPAR}} <br />[[CAC 40]] component,{{decrease}} {{€|27.05 billion|link|=|yes}} (2024),{{increase}} €5.39 billion (2024),{{increase}} €3.30 billion (2024),{{increase}} €51.86 billion (2024),{{increase}} €27.62 billion (2024),,"67,800 (2023)","[[Benoît Potier]]<br /><small>([[Chairman]])</small>, [[François Jackow]] <small>([[chief executive officer|CEO]])</small>",{{URL|https://www.airliquide.com/}},Air Liquide,[[File:Air liquide headquarters.jpg|250px]],Air Liquide headquarters in [[Paris]],"[[Quai d'Orsay]], [[7th arrondissement of Paris|7th arrondissement]], [[Paris]], France","[[Industrial gas]]es, [[fine chemicals]]",,,,,,,,,,,,,,,,,,,,,,,,,,,,,,,,,,,,,,,,,,,,,,
Airbus SE,Airbus Logo 2017.svg {{!}} class=skin-invert,,180px,,,"{{Indented plainlist|
* [[Leiden]], Netherlands (legal headquarters)
* [[Blagnac]], France (main office of operations)}}",,,[[Public company|Public]],"{{ubl
|[[Aerospace manufacturer|Aerospace]]
|[[Arms industry|Defence]]}}",,Worldwide,"{{Plainlist|
* |BMAD|isin|=|NL0000235190|AIR|
* |EuronextParis|AIR|NL0000235190|XPAR|
* |FWB|AIR|isin|=|NL0000235190|
* [[CAC 40]] component
* [[DAX]] component
* [[Euro Stoxx 50]] component}} {{BMAD|isin|=|NL0000235190|AIR}} * {{EuronextParis|AIR|NL0000235190|XPAR}} * {{FWB|AIR|isin|=|NL0000235190}} * [[CAC 40]] component
* [[DAX]] component
* [[Euro Stoxx 50]] component",{{Increase}} &nbsp; {{€|69.23 billion|link|=|yes}},{{Increase}} {{€|5.30 billion}},{{Increase}} &nbsp; {{€|4.23 billion}},{{Increase}} &nbsp; {{€|129.21 billion}},{{Increase}} &nbsp; {{€|19.70 billion}},,"156,921","{{plainlist|
* [[Guillaume Faury]] ([[Chief executive officer|CEO]])
* [[René Obermann]] ([[chairman]])}}",{{official url}},Airbus,Airbus Lagardère - Aéroconstellation.jpg,"Lagardère production plant in [[Blagnac]], France",,"{{hlist
  | [[Airbus A220|A220]]
  | [[Airbus A320neo family|A320neo]]
  | [[Airbus A330neo|A330neo]]
  | [[Airbus A350|A350]]}}",250px,1.2,"{{Indented plainlist|
* '''Parent company:'''
* European Aeronautic Defence and Space Company NV (EADS) (2000–2014)
* Airbus Group NV (2014–2015)
* Airbus Group SE (2015–2017)
* '''Subsidiary:'''
* Airbus Industrie GIE (1970–2001)
* Airbus SAS (2001–current)
* Airbus Military (2008-2014)}}",NL0000235190,"[[Aérospatiale]], [[CASA (aircraft manufacturer)|CASA]], [[DASA]], [[Matra]]",{{Start date and age|1970|12|18|df|=|y}},2024,2024,2024,2024,2024,"{{Indented plainlist|
* [[SOGEPA]] (French Government): 10.9%|ref|[https://www.airbus.com/sites/g/files/jlcbta136/files/2023-11/Airbus_9m_2023_Presentation.pdf Airbus 9m Results 2023]. p.29. ''The Drive''. 8 November 2023.|</ref>|
* |ill|GZBV|de|Gesellschaft zur Beteiligungsverwaltung| (German Government): 10.8%|ref| name=""Airbus 9m Results 2023""|[https://www.airbus.com/sites/g/files/jlcbta136/files/2023-11/Airbus_9m_2023_Presentation.pdf Airbus 9m Results 2023].  p.29. ''The Drive''. 8 November 2023.|</ref>|
* [[Sociedad Estatal de Participaciones Industriales|SEPI]] (Spanish Government): 4.1%|ref| name=""Airbus 9m Results 2023""|ref| name=""shares2022""|{{cite web |title=Shareholding Structure at 31 December 2022 |url=https://www.airbus.com/sites/g/files/jlcbta136/files/2023-02/Airbus%20FY%202022%20Results%20Presentation_0.pdf|website=Airbus |access-date=22 April 2023 |language=en}}|</ref>|}} * {{ill|GZBV|de|Gesellschaft zur Beteiligungsverwaltung}} (German Government): 10.8% * [[Sociedad Estatal de Participaciones Industriales|SEPI]] (Spanish Government): 4.1%",2024,"{{plainlist|
* [[Airbus Defence and Space|Defence and Space]]
* [[Airbus Helicopters|Helicopters]]}}","{{plainlist|
* [[Airbus Group, Inc.]]
* [[Airbus Corporate Jets]]
* [[Composite Technology Center]]
* [[Helibras]]
* [[Metron Aviation]]
* [[NAVBLUE]]
* [[NHIndustries]] (62.5%)
* [[Premium AEROTEC]]
* [[Satair]]
* [[Airbus Atlantic]]
* [[Tesat-Spacecom]]
* [[Testia]]}}",Financials {{as of|2024|12|31|lc|=|y}} .<br />References:,,,,,,,,,,,,,,,,,,,,,,,,,,,,,,
ArcelorMittal S.A.,ArcelorMittal.svg,,200px,{{start date and age|2007}},,,,,[[Public company|Public]],[[Steel industry]],,Worldwide,{{Unbulleted list |EuronextAmsterdam|MT|LU1598757687|XAMS| |NYSE|MT| |[[CAC 40]] component |[[AEX index|AEX]] component}} {{EuronextAmsterdam|MT|LU1598757687|XAMS}} {{NYSE|MT}},{{nowrap| |decrease| |US$|62.44&nbsp;billion|link|=|yes| (2024)}} {{decrease}} {{US$|62.44&nbsp;billion|link|=|yes}} (2024),{{increase}} {{US$|3.310&nbsp;billion}} (2024),{{increase}} {{US$|1.339&nbsp;billion}} (2024),{{decrease}} {{US$|89.39&nbsp;billion}} (2024),{{decrease}} {{US$|51.29&nbsp;billion}} (2024),,"{{decrease}} 125,416 (2024)",{{nowrap|[[Aditya Mittal]] ([[Chief executive officer|CEO]])<BR>[[Lakshmi Mittal]] ([[executive chairperson]])<BR>[[Karel De Gucht]] (Director)<BR>[[Etienne Schneider]] (Director)<BR>[[Patricia Barbizet]]  (Director)}},{{URL|corporate.arcelormittal.com}},ArcelorMittal,ArcelorMittalLuxemburg.JPG,ArcelorMittal headquarters in Luxembourg City,"[[Luxembourg City]], Luxembourg","Steel, flat steel products, long steel products, wire products, plates",,,,{{ISIN|sl|=|n|pl|=|y|LU1598757687}},,,,,,,,[[Lakshmi Mittal]] and his family (39.87%),,,"[[Disteel]], [[Dillinger Hütte]], [[Dofasco]], [[Aperam South America]], [[Creusot-Loire]], [[Essar Steel]], [[ARBED]], [[ALZ (steelworks)]], [[Arcelor]]",,{{Unbulleted list |[[Arcelor]] |[[Mittal Steel Company]]}},,,,,,,,,,,,,,,,,,,,,,,,,,,,,
AXA S.A.,AXA Logo.svg,,165px,{{Start date and age|1921}},,,,,[[Public company|Public]],[[Financial services]],,Worldwide,{{EuronextParis|CS|FR0000120628|XPAR}} <br />[[CAC 40]] component,{{increase}} [[Euro|€]]102.733&nbsp;billion (2023),{{increase}} €6.34&nbsp;billion (2023),{{increase}} €7.37&nbsp;billion (2023),{{increase}} €644.44&nbsp;billion (2023),{{increase}} €52.39&nbsp;billion (2023),,"113,696 (2023)",[[Thomas Buberl]] ([[Chief executive officer|CEO]])<br />[[Antoine Gosset-Grainville]] ([[chairman of the board]]),{{official URL}},Axa,Hotel de la vaupaliere54.jpg,"Headquarters at Hôtel de La Vaupalière, [[Paris]]","Hôtel de La Vaupalière, 25 Avenue Matignon",{{ubl|[[Insurance]] |[[General insurance]] |[[Health insurance]] |[[Vehicle insurance]] |[[Travel insurance]] |[[Home insurance]] |[[Life insurance]] |[[Mortgage loan]]s |[[Investment management]] | [[Asset management]] |[[Pet Insurance ]] |[[Mutual fund]]s}},220px,,,,,,,,,,,,,,[[Axa Bank Belgium]]<br />[[Axa Investment Managers]]<br />[[Axa XL]],,,France,{{increase}} €945.50&nbsp;billion (2023),,,,,,,,,,,,,,,,,,,,,,,,,,,
,BNP Paribas.svg,,50px,"* {{start date and age|df|=|yes|1822|12|13}} Creation of [[Société Générale de Belgique]], predecessor of [[Fortis Bank]]
* {{start date and age|df|=|yes|1848|03|10}} creation of [[Comptoir national d'escompte de Paris]], predecessor of BNP
* {{start date and age|df|=|yes|1872|01|27}} creation of [[Paribas|Banque de Paris et des Pays-Bas]], later called Paribas
* {{start date and age|df|=|yes|2000|05|23}} merging as BNP Paribas",,,,,[[Public company|Public]],[[Financial services]],,Worldwide,{{Ubl|EuronextParis|BNP|FR0000131104|XPAR|LSE|0HB5|[[CAC 40]] component (BNP)}} {{EuronextParis|BNP|FR0000131104|XPAR}} {{LSE|0HB5}},{{increase}} [[Euro|€]]48.83&nbsp;billion (2024),{{increase}} €15.43&nbsp;billion (2024),€3.044 billion (Q3 2025),{{increase}} €2.824&nbsp;trillion (Q3 2025),{{increase}} €134.14&nbsp;billion (2024),,"178,000 (2024)",{{Ubl|[[Jean Lemierre]] ([[Chairperson|Chairman]])|[[Jean-Laurent Bonnafé]] ([[CEO]])}},{{URL|group.bnpparibas/en/}},BNP Paribas,Italiens12.jpg,The [[headquarters]] of BNP Paribas in [[Paris]],"[[Boulevard des Italiens|20 Boulevard des Italiens]]<br />[[Paris]], France","{{Ubl
| [[Asset management]]
| [[Banking]]
| [[Commodities]]
| [[Credit card]]s
| [[Equities trading]]
| [[Insurance]]
| [[Investment banking]]
| [[Investment management]]
| [[Mortgage loan]]s
| [[Mutual funds]]
| [[Private equity]]
| [[Security (finance)|Securities services]]
| [[Risk management]]
| [[Wealth management]]}}",,,,,,,,,,,,,,{{Collapsible list|title|=|List|[[BNP Paribas Asset Management]]<br>[[Cardif|BNP Paribas Cardif]]<br>BNP Paribas Factor<br>[[BNP Paribas Fortis]]<br>BNP Paribas Real Estate}},{{Collapsible list|title|=|List|Arval<br>[[Banca Nazionale del Lavoro]]<br>[[Cetelem]]<br>[[Hello bank!]]<br>[[BMCI]]}},,,,,,,,,,,,,,,,,,,,,,,,,,,,,,,
Bouygues S.A.,Bouygues.svg,,200px,{{start date and age|1952}},,,,,[[Public company|Public]],[[conglomerate (company)|Conglomerate]],,,{{EuronextParis|EN|FR0000120503|XPAR}} <br />[[CAC 40]] component,{{increase}} {{€|37.59 billion|link|=|yes}} (2021),{{increase}} €1.69 billion (2021),{{increase}} €1.125 billion (2021),,,,"124,600 (Dec 2021)",{{ubl|[[Martin Bouygues]] ([[chairman]])}} {{ubl|Olivier Roussat ([[CEO]])}},[https://www.bouygues.com/en/ bouygues.com],Bouygues,,,,,,,,,,,,,,,,,,,"{{ubl
   | Bouygues Construction
   | Bouygues Immobilier
   | [[Bouygues Télécom (company)|Bouygues Télécom]]
   | Equans
   | [[Colas Group]]
   | [[TF1 Group]] (43.7%)}}",,,France,,[[Francis Bouygues]],"[[8th arrondissement of Paris|8th arrondissement]], [[Paris]]",,,,,,,,,,,,,,,,,,,,,,,,,
Bureau Veritas S.A.,Bureau Veritas.svg,,150px,{{start date and age|1828}},,,,,[[S.A. (corporation)|Société anonyme]],"Testing, inspection, certification",,Worldwide (140 countries),{{Euronext|BVI|FR0006174348|XPAR}} <br>[[CAC 40]],[[USD|$]]6.34 billion(2024),,,[[USD|$]]7.339 billion(2024),,,"79,000",Hinda Gharbi <small> (CEO)</small>,{{URL|http://www.bureauveritas.com/}},Bureau Veritas,,,"[[Neuilly-sur-Seine]], [[Paris]], [[France]]",,,,,,,,,,,,,,,,,,,,,,,"[[Test method|Testing]], [[inspection]], [[Product certification|certification]]",[[USD|$]]545 million(2024),[[Wendel (group)|Wendel]] (35.5%),,,,,,,,,,,,,,,,,,,,,,
Capgemini SE,Capgemini New logo.svg,,250px,{{Start date and age|df|=|yes|1 October 1967}},,,,,[[Public company|Public]],[[Information technology]]<br />[[Consulting]]<br />[[Outsourcing]],,Worldwide,{{Unbulleted list|EuronextParis|CAP|FR0000125338|XPAR|[[CAC 40]] component}} {{EuronextParis|CAP|FR0000125338|XPAR}},{{decrease}} [[Euro|€]]22.096 billion (2024),{{increase}} €2.356 billion (2024),{{increase}} €1.671 billion (2024),{{increase}} €27.30 billion (2023),{{increase}} €3.7 billion (2023),,{{formatnum:341100}} (2024),{{interlanguage link|Aiman Ezzat|fr}} ([[Chief executive officer|CEO]]) <br />[[Paul Hermelin]]<br />([[chairman of the board]]),{{URL|http://www.capgemini.com/}},Capgemini,11 rue de Tilsitt.jpg,"Headquarters at 11 [[rue de Tilsitt]] near [[place de l'Étoile]], [[Paris]]",,,250px,,,,,,,,,,,,,,[[Sogeti]]<br />[[Capgemini Engineering]]<br />[[Frog Design|frog]]<br />[[Cambridge Consultants]]<br />[https://www.synapse.com/ Synapse Product Development],,,France,,[[Serge Kampf]],[[Paris]],,,,,,,,,,,,,,,,,,,,,,,,,
Carrefour S.A.,Carrefour_Groupe.svg,,,{{start date and age|df|=|yes|1958|1|1}},{{ubl|Marcel Fournier|[[Denis Defforey]]|Jacques Defforey}},,,,[[Public company]],{{ubl|[[Retail]]|[[Wholesaling]]}},,"[[Europe]], [[Middle East]], [[North Africa]], [[East Africa]], [[South Asia]], [[East Asia]], [[South America]]",{{EuronextParis|CA|FR0000120172}} <br />[[CAC 40]] Component,"{{Collapsible list |titlestyle |=| font-weight: normal;
|title|=|increase| [[Euro|€]]81.25&nbsp;billion (2021)|ref| name=""AR21""|{{cite web|url=https://www.carrefour.com/en/finance/financial-publications|title=Annual Report 2021|publisher=Carrefour S.A.|access-date=14 November 2020|archive-date=16 November 2020|archive-url=https://web.archive.org/web/20201116014551/https://www.carrefour.com/en/finance/financial-publications|url-status=live}}|</ref>|ref| name=""URD21""|{{cite web |url=https://www.carrefour.com/sites/default/files/2022-06/Carrefour-URD2021-EN_01_1.pdf |title=2021 Registration Document |date=February 25, 2022 |access-date=September 10, 2022 | orig-date= |publisher= |website=Carrefour |pages=9, 38 |language=en |format= |url-access= |via=}}|</ref>|
|increase| 35.28 billion (France)
|increase| 21.28 billion (Europe)
|increase| 13.89 billion (Americas)
|increase| 2.49 billion (Taiwan)}} {{increase}} [[Euro|€]]81.25&nbsp;billion (2021) {{increase}} 35.28 billion (France) {{increase}} 21.28 billion (Europe) {{increase}} 13.89 billion (Americas) {{increase}} 2.49 billion (Taiwan)","{{Collapsible list |titlestyle |=| font-weight: normal;
|title|=|increase| €2.27&nbsp;billion (2021)|ref| name=""AR21"" |ref| name=""URD21""|
|decrease| 768 million (Americas)
|increase| 757 million (France)
|increase| 718 million (Europe)
|decrease| 78 million (Taiwan)
|increasenegative| |color|red|-|49 million (global functions)}} {{increase}} €2.27&nbsp;billion (2021) {{decrease}} 768 million (Americas) {{increase}} 757 million (France) {{increase}} 718 million (Europe) {{decrease}} 78 million (Taiwan) {{increasenegative}} {{color|red|-}} 49 million (global functions)",{{increase}} €1.07&nbsp;billion (2021),{{increase}} €47.67&nbsp;billion (2021),{{increase}} €11.83&nbsp;billion (2021),,"{{Collapsible list |titlestyle |=| font-weight: normal;
|title|=|decrease| 319,565 |small|(2021)|ref| name=""URD21""|decrease| 191,707 ([[Europe]])|increase| 115,310 ([[Americas]])|decrease| 12,548 ([[Asia]])}} {{decrease}} 319,565 {{small|(2021)}} {{decrease}} 191,707 ([[Europe]]) {{increase}} 115,310 ([[Americas]]) {{decrease}} 12,548 ([[Asia]])",{{ubl|[[Alexandre Bompard]] ([[chairman]] & [[CEO]])|Matthieu Malige ([[Chief Financial Officer|CFO]])}},{{URL|https://www.carrefour.com/en/|carrefour.com}},Carrefour,,,,,100px,,,{{ISIN|sl|=|n|pl|=|y|FR0000120172}},,,,,,,,,,,,,,France,,,"[[Massy, Essonne|Massy]], [[Essonne]]","[[Cash and carry (wholesale)|Cash and carry]], [[warehouse club]], [[discount store]], [[hypermarket]], [[supercenter]], [[superstore]], [[supermarket]]",,,"{{Collapsible list |titlestyle |=| font-weight: normal;
|title|=|increase| 14,000 stores |small|(2024)|ref| name=""Groupe Carrefour""|{{Cite web  |title= Groupe Carrefour|url= https://www.carrefour.com/fr/groupe|work= carrefour.com |date= 2024}}.|</ref>|
|increase| [[France]]: 5,619
|decrease| [[Italy]]: 1,489 (exiting operations)|ref|{{cite web | title=NewPrinces to Acquire Carrefour Italy for 1 Billion Euros | url=https://www.producereport.com/article/newprinces-acquire-carrefour-italy-1-billion-euros }}|</ref>|
|increase| [[Spain]]: 1,474
|increase| [[Turkey]]: 1,250
|increase| [[Belgium]]: 792
|decrease| [[Poland]] 755 (exiting operations)|ref|{{cite web | title=BREAKING Carrefour se pregătește să vândă magazinele din România și a mandatat banca BNP să caute cumpărător - presa franceză / Exit și din Polonia, Italia și Argentina / Compania susține că măsurile de austeritate din România afectează vânzările | date=24 October 2025 | url=https://economedia.ro/breaking-carrefour-se-pregateste-sa-vanda-magazinele-din-romania-si-a-mandatat-banca-bnp-sa-caute-cumparator-presa-franceza.html }}|</ref>|
|decrease| [[Brazil]]: 508
|decrease| [[Argentina]]: 485 (exiting operations) 
|ref|{{cite web | title=BREAKING Carrefour se pregătește să vândă magazinele din România și a mandatat banca BNP să caute cumpărător - presa franceză / Exit și din Polonia, Italia și Argentina / Compania susține că măsurile de austeritate din România afectează vânzările | date=24 October 2025 | url=https://economedia.ro/breaking-carrefour-se-pregateste-sa-vanda-magazinele-din-romania-si-a-mandatat-banca-bnp-sa-caute-cumparator-presa-franceza.html }}|</ref>|
|decrease| [[Romania]]: 365 (exiting operations)
|ref|{{cite web | title=BREAKING Carrefour se pregătește să vândă magazinele din România și a mandatat banca BNP să caute cumpărător - presa franceză / Exit și din Polonia, Italia și Argentina / Compania susține că măsurile de austeritate din România afectează vânzările | date=24 October 2025 | url=https://economedia.ro/breaking-carrefour-se-pregateste-sa-vanda-magazinele-din-romania-si-a-mandatat-banca-bnp-sa-caute-cumparator-presa-franceza.html }}|</ref>|
|decrease| [[Taiwan]]: 328
|increase| [[Israel]]: 50
|increase| [[Overseas France|French territories]] and the [[Dominican Republic]]: 180
|increase| [[#International operations|Other]]: 1,525
|'''Retail network'''
|increase| [[hypermarkets]]: 1,130
|increase| [[supermarkets]]: 3,574
|increase| [[Convenience store|convenience]]: 8,642
|decrease| [[Cash and carry (wholesale)|cash and carry]]: 440
|[[discount store|soft discount]]: 108}} {{increase}} 14,000 stores {{small|(2024)}} {{increase}} [[France]]: 5,619 {{decrease}} [[Italy]]: 1,489 (exiting operations) {{increase}} [[Spain]]: 1,474 {{increase}} [[Turkey]]: 1,250 {{increase}} [[Belgium]]: 792 {{decrease}} [[Poland]] 755 (exiting operations) {{decrease}} [[Brazil]]: 508 {{decrease}} [[Argentina]]: 485 (exiting operations) {{decrease}} [[Romania]]: 365 (exiting operations) {{decrease}} [[Taiwan]]: 328 {{increase}} [[Israel]]: 50 {{increase}} [[Overseas France|French territories]] and the [[Dominican Republic]]: 180 {{increase}} [[#International operations|Other]]: 1,525 {{increase}} [[hypermarkets]]: 1,130 {{increase}} [[supermarkets]]: 3,574 {{increase}} [[Convenience store|convenience]]: 8,642 {{decrease}} [[Cash and carry (wholesale)|cash and carry]]: 440",,,,,,,,,,,,,,,,,,,,,
Crédit Agricole Group,Crédit Agricole.svg,,150px,{{Start date and age|df|=|yes|1894|11|05}},,,,,[[Public company|Public]],[[Financial services]],,Worldwide,{{Unbulleted list|EuronextParis|ACA|FR0000045072|XPAR|[[CAC 40]] component}} {{EuronextParis|ACA|FR0000045072|XPAR}},{{increase}} {{€|38.16&nbsp;billion|link|=|yes}} (2022),{{decrease}} {{€|13.70&nbsp;billion}} (2022),{{decrease}} {{€|8.14&nbsp;billion}} (2022),{{increase}} {{€|2.334&nbsp;trillion}} (Q3 2025),{{increase}} {{€|133.7&nbsp;billion}} (2022),,"{{decrease}} 145,000 (2022)",{{Unbulleted list|[[Dominique Lefebvre]] ([[chairman]])|[[Philippe Brassac]] ([[Chief executive officer|CEO]])}},{{URL|credit-agricole.com}},Crédit Agricole,Campus Evergreen.jpg,"Since 2010, Crédit Agricole has been headquartered in a remodeled former [[Schlumberger]] plant in [[Paris]], known as ''Campus Evergreen''",,{{ubl | [[Asset management]] | [[Banking]] | [[Commodities]] | [[Credit card]]s | [[Equities trading]] | [[Insurance]] | [[Investment management]] | [[Mortgage loan]]s | [[Private equity]] | [[Wealth management]]}},250px,,,,,,,,,,,,,,{{Unbulleted list|Crédit Agricole S.A.|[[LCL S.A.|LCL]]|[[Crédit Agricole Corporate and Investment Bank|Crédit Agricole CIB]]|[[Crédit Agricole Italia]]|[[Amundi]]|BforBank}},Crédit Agricole Group's 2016 [[consolidated financial statement]],,France,{{increase}} {{€|1.90&nbsp;trillion}} (2022),,[[Montrouge]],,,,,{{increase}} 14.4% (CET1),,,,,,,,,,,,,,,,,,,,
Danone S.A.,,,,'''Company:''' {{start date and age|1966}} (as Boussois-Souchon-Neuvesel)<br>'''Brand:''' {{start date and age|1919}},,,,,[[Public company]],[[Food processing]],''[[Danone#Main brands|Main brands]]'',Worldwide,{{EuronextParis|BN|FR0000120644}} <br />[[CAC 40]] component,{{Increase}} [[Euro|€]]27.619&nbsp;billion (2023),{{Increase}} €3.481&nbsp;billion (2023),{{Decrease}} €881&nbsp;million (2023),{{Decrease}} €44.486&nbsp;billion (2023),{{Decrease}} €16.176&nbsp;billion (2023),,"96,000+ (2023)",[[Franck Riboud]] (honorary chairman)<br />[[Gilles Schnepp]] (chairman) <br /> [[Antoine Bernard de Saint-Affrique]] (CEO),{{url|https://www.danone.com/|danone.com}},Danone,"Bd Haussmann, 17.jpg","Danone head office in Paris, July 2010","[[Boulevard Haussmann]] <br />[[9th arrondissement of Paris|9th arrondissement]], [[Paris]], France (Operational)<br />[[Hoofddorp]], [[Netherlands]] (Global)","{{hlist|[[Baby food]]|[[coffee]]|[[dairy products]]|[[dairy-free|dairy-free products]]|[[bottled water]]|[[dietary supplement]]s|[[protein supplement]]s|ref| name=""18PDF""}}",250px,,,,Gervais Danone,,,,,,,,,,[[WhiteWave Foods|Danone North America]],,,,,[[Isaac Carasso]],,,,,,,Boussois-Souchon-Neuvesel (1966-1967)<br>BSN (1967-1973)<br>BSN-Gervais Danone (1973-1983)<br>BSN Groupe (1983-1994),"{{plainlist|
* [[MFS Investment Management]] (8.3%)|ref| name=""simplywall.st""|{{cite web|url=https://simplywall.st/stocks/fr/food-beverage-tobacco/epa-bn/danone-shares/news/what-kind-of-shareholder-owns-most-danone-s-a-epabn-stock|title = What Kind of Shareholder Owns Most Danone S.A. (EPA:BN) Stock?| date=28 January 2020 }}|</ref>|}}",,,,,,,,,,,,,,,,,,
Dassault Systèmes SE,Dassault Systèmes logo.svg,,,{{Start date and age|1981}},,,,,[[Public company|Public]],[[Computer-aided design|CAD]]/[[Computer-aided manufacturing|CAM]]/[[Computer-aided engineering|CAE]]/ [[Product lifecycle management|PLM]] [[Software]],,,{{unbulleted list|EuronextParis|DSY|FR0014003TT8|XPAR|[[CAC 40]] component}} [[Nasdaq]]: DAST (former) {{EuronextParis|DSY|FR0014003TT8|XPAR}},{{increase}} {{€|6.21 billion|link|=|yes}} (2024),{{increase}} €1.35 billion (2024),{{increase}} €1.19 billion (2024),{{increase}} €15.54 billion (2024),{{increase}} €9.06 billion (2024),,"25,000 (2024)",{{unbulleted list|[[Bernard Charlès]] |nowrap|([[executive chairman]])|[[Charles Edelstenne]] (honorary chairman)|Pascal Daloz ([[CEO]])}} {{nowrap|([[executive chairman]])}},{{URL|3ds.com}},Dassault Systèmes,Dassault Systèmes headquarters.jpg,,"[[Vélizy-Villacoublay]], France","[[3D computer graphics|3D]] design software, 3D Digital Mock-up and [[Product lifecycle management]] (PLM)",,,,,,,,,,,,,,,,,,,,[[Francis Bernard (engineer)|Francis Bernard]],,,,[[Dassault Group]],,,,,,,,,,,,,,,,,,,,,,
Edenred SE,Edenred logo.svg,,,{{Start date|2010|06|29}},,,,,[[Public company|Public]] ([[Societas Europaea]]),Corporate services,,Worldwide,{{unbulleted list|EuronextParis|EDEN|FR0010908533|XPAR|[[CAC 40]] component}} {{EuronextParis|EDEN|FR0010908533|XPAR}},{{increase}} €2.31 billion (2023),{{increase}} €706 million (2023),{{decrease}} €267 million (2023),,,,"10,000 employees as of February 22, 2022",Bertrand Dumazy<br /><small>(Chairman and CEO)</small>,{{URL|edenred.com|Edenred.com}},Edenred,,,,Ticket Restaurant®,,,,,,,,,,,,,,,,,,[[France]],,,[[Issy-les-Moulineaux]],,,,,,,,,,,,,,,,,,,,,,,,,
Engie SA,,,,{{Start date and years ago|df|=|yes|2008|07|22}},,,,,[[S.A. (corporation)|Société Anonyme]],[[Electric utility]],,,{{EuronextParis|ENGI|FR0010208488|XPAR}} <br />[[CAC 40]] component,{{decrease}} {{Euro|82.56&nbsp;billion|link|=|yes}} (2023),{{increase}} {{Euro|9.5&nbsp;billion}} (2023),{{increase}} {{Euro|2.21&nbsp;billions}} (2023),{{decrease}} {{euro|194.64&nbsp;billion}} (2023),{{decrease}} {{euro|35.72&nbsp;billion}} (2023),,"96,454 (2022)",[[Catherine MacGregor]] (CEO)<br /> [[Jean-Pierre Clamadieu]] ([[Chairman]]),{{url|engie.com/en}},Engie,Gecina_-_Tour_T1.jpg,"Engie headquarters in [[La Défense]], Courbevoie, France",,"[[Natural gas]] production, sale and distribution, [[electricity generation]] and [[electricity distribution|distribution]], [[hydroelectricity]], [[nuclear power]], [[wind power]], [[Commodity markets|energy trading]], [[Facilities Management]] and [[Business Services]]",,,,,"[[Gaz de France]]<br />[[Suez (company, 1997–2008)|Suez]]",,,,,,,"{{ubl|[[Agence des participations de l'État|French state]] (23.64%)| Employees of the company (3.27%)| [[BlackRock]] (4.49%)|[[Caisse des dépôts et consignations]] and [[CNP Assurances]] (4.59%)|Public (without BlackRock), institutional investor, individuals shareholders & others (63.25%)| Treasury stock (0.76%)}}",,,"[[Gaz Réseau Distribution France|GRDF]]<br />[[GRTgaz]]<br />[[Elengy]]<br />[[Storengy]]<br />Altiservice Engie<br />Endel Engie<br />Engie Ecova<br />[[Electrabel|Engie Electrabel]]<br />Engie Fabricom<br />[[Engie Global Markets]]<br />Engie Home Services<br />Engie IT (Information et Technologies)<br />[[Société hydroélectrique du Midi|SHEM]]<br />[[Engie Lab Crigen]]<br /> [[Engie Laborelec]]<br /> Engie M2M<br /> Engie Solairedirect<br />Engie Impact<br />Tractebel<br />[[Culturespaces]]<br />Engie Green<br />[[Compagnie du vent|La Compagnie du vent]]<br />[[Électricité de Tahiti]]
Smart4Power",,,[[France]],,,"[[La Défense]], Courbevoie",,,,,,,,,,,,,,,,,,,,,,,,,
EssilorLuxottica S.A.,[[File:Logo EssilorLuxottica.svg|frameless|class=skin-invert]],,,,,,"[[Paris]], France and [[Milan]], Italy",,[[Public company|Public]],{{Unbulleted list|[[Eyewear]]| [[Eye care]]}},"{{Hlist| [[Crizal]]| [[LensCrafters]]| [[Oakley, Inc.|Oakley]]| [[Oliver Peoples]]| [[Persol]]| [[Ray-Ban]]| [[Sunglass Hut]]| [[Supreme (brand)|Supreme]]| [[Transitions Optical]]| [[Varilux]]| [[Alook Eyewear]]}}",,{{Unbulleted list|EuronextParis|EL|FR0000121667|XPAR|[[CAC 40]] component|[[Euro Stoxx 50]] component|Borsa Italiana Euronext Milan}} {{EuronextParis|EL|FR0000121667|XPAR}},{{increase}} {{€|25.39 billion|link|=|yes}} (2023),{{increase}} €3.176 billion (2023),{{increase}} €2.426 billion (2023),{{decrease}} €60.52 billion (2023),{{increase}} €38.89 billion (2023),,"191,706 (2023)",[[Francesco Milleri]] ([[chairman and CEO]]),,EssilorLuxottica,,,,"[[Corrective lens|Ophthalmic lenses]], optical equipment, [[Eyeglass prescription|prescription glasses]] and [[sunglasses]]",,,,{{ISIN|sl|=|n|pl|=|y|FR0000121667}},,{{Start date and age|2018|10|1|df|=|y}},,,,,,[[Delfin (Holding)|Delfin S.à.r.l]] (32%),,,{{Unbulleted list|[[Essilor]] |[[Luxottica]]}},,{{Unbulleted list|[[Essilor]]|[[Luxottica]]}},,,,,,,,"17,589 stores (2023)",,,,{{URL|essilorluxottica.com}},,,,,,,,,,,,,,,,,
Eurofins Scientific SE,Eurofins Scientific Logo.svg,,,{{Start date and age|1987}},,"[[Luxembourg City]], Luxembourg",,,[[Public company|Public]] (''[[Societas Europaea]]''),Testing and [[Laboratory]] [[analysis]],,,{{ubl|EuronextParis|ERF|FR0014000MR3|XPAR|[[CAC 40]] component}} {{EuronextParis|ERF|FR0014000MR3|XPAR}},{{Euro|6.951 billion|link|=|yes}} (2024),,,,,,"ca. 63,000 (2024)",Gilles Martin<br />(chairman & CEO),{{URL|https://www.eurofins.com}},Eurofins Scientific,,,,,,,,,,,,,,,,,,,,,,,,[[Gilles Martin (businessman)|Gilles Martin]],,,,,,,,,,,,,,,,,,,,,,,,,,
Hermès International S.A.,Hermès.svg,Hermès logo,,{{start date and age|1837}} in [[Paris]],,"24 [[Rue du Faubourg Saint-Honoré]] – 75008 Paris, France<br /><small> {{coord|48|52|08|N|02|19|18|E|display|=|title,inline}} </small>",,,[[Public company|Public]] ([[S.A. (corporation)|''Société Anonyme'']]),[[Luxury goods]],,,{{EuronextParis|RMS|FR0000052292|XPAR}} <br>[[CAC 40]] component,{{increase}} [[Euro|€]]15.17 billion (2024),{{increase}} €6.15 billion (2024),{{increase}} €4.60 billion (2024),{{increase}} €23.08 billion (2024),{{increase}} €17.33 billion (2024),,"25,185 (2024)","[[Axel Dumas]] <small>(Executive Chairman)</small>, Henri-Louis Bauer <small>(Executive Manager and Chairman, Emile Hermès SARL)</small>, Éric de Seynes <small>(Chairman, [[Supervisory Board]])</small>, [[Pierre-Alexis Dumas]] <small>(Artistic Executive Vice President)</small>",{{URL|https://www.hermes.com/|hermes.com}},Hermès,"Rue du Faubourg-Saint-Honoré, Paris May 2006.jpg","Hermès flagship, 24 Rue du Faubourg-Saint-Honoré, Paris",,[[Clothing]] and [[Fashion accessory|accessories]],,,,,,,,,,,,,,,,,,,,[[Thierry Hermès]],,,,,,,,Hermès family and others <br /> (see [[#Shareholder structure|shareholder structure]]),,1.0,"Hermès flagship location, 24 Rue du Faubourg-Saint-Honoré, Paris",,,,,,,,,,,,,,,
Kering S.A.,[[File:Kering logo.svg|frameless|class=skin-invert]],,,{{start date and age|1962}},,"40 rue de Sèvres, Paris 7e, France",,,[[Public company|Public]],[[Conglomerate (company)|Conglomerate]],,,{{EuronextParis|KER|FR0000121485|XPAR}} <br />[[CAC 40]] component,{{decrease}} €17.20 billion (2024),{{decrease}} €2.55 billion (2024),{{decrease}} €1.13 billion (2024),{{increase}} €43.35 billion (2024),{{increase}} €15.73 billion (2024),,"47,000 (2024)","*[[François-Henri Pinault]] ([[chairman]]) 
*[[Luca de Meo]] ([[Chief executive officer|CEO]])",{{URL|https://www.kering.com/}},Kering,"Hôpital Laennec, Rue de Sèvres, Paris.jpg",Kering headquarters (former Hôpital Laennec in Paris),,[[Luxury goods]],,,Pinault S.A.<br />Pinault-Printemps-Redoute<br />PPR,,,,,,,,,,,,"{{flatlist|
* [[Alexander McQueen (fashion house)|Alexander McQueen]]
* [[Balenciaga]]
* [[Bottega Veneta]]
* [[Boucheron]]
* [[Brioni (brand)|Brioni]]
* [[Creed (perfume house)|Creed]]
* [[Gucci]]
* [[Pomellato]]
* [[Qeelin]]
* [[Yves Saint Laurent (fashion house)|Yves Saint Laurent]]}}",,,,,[[François Pinault]],,,,,,,,"{{ubl|
* [[Groupe Artémis]] (42.23%)|ref| name=Euronext|{{cite web |url=https://live.euronext.com/en/product/equities/FR0000121485-XPAR/company-information |title=Kering |publisher=Euronext Paris |access-date=10 December 2024}}|</ref>|
* [[Public float]] (56.89%; 2024)}} * [[Public float]] (56.89%; 2024)",,,,,,,,,,,,,,,,,,
L'Oréal S.A.,[[File:L'Oréal logo.svg|frameless|250px|class=skin-invert]],,,{{start date and age|df|=|yes|1909|07|30}},,,,,[[Public company|Public]],Consumer goods,,Worldwide,{{EuronextParis|OR|FR0000120321}} <br />[[CAC 40]] component,{{increase}} €43.48 billion (2024),{{increase}} €8.68 billion (2024),{{increase}} €6.40 billion (2024),{{increase}} €56.35 billion (2024),{{increase}} €33.13 billion (2024),,"90,000 (2024)",{{ubl|[[Jean-Paul Agon]] ([[chairman]])|Jean Victor Meyers ([[vice-chairman]])|[[Nicolas Hieronimus]] ([[Chief executive officer|CEO]])}},{{URL|https://www.loreal.com/en/|loreal.com}},L'Oréal,Extension siège L'Oréal (43707042205).jpg,"L'Oréal's headquarters in [[Clichy, Hauts-de-Seine|Clichy]], France",,{{hlist|Cosmetics|skin care|perfume}},250px,,,{{ISIN|sl|=|n|pl|=|y|FR0000120321}},,,,,,,,,,,"{{Plainlist|
* AcneFree
* [[Aesop (brand)|Aesop]]
* Ambi
* [[CeraVe]]
* [[Garnier]]
* [[Helena Rubinstein Incorporated]]
* [[Kiehl's]]
* [[Lancôme]]
* Matrix Essentials
* [[Maybelline]]
* [[NYX Cosmetics]]}}",,,France,,[[Eugène Schueller]],"[[Clichy, Hauts-de-Seine|Clichy]]",,,,,,,,,,,,,,,,,,,,,,,,,
LVMH Moët Hennessy Louis Vuitton SE,[[File:LVMH wordmark.svg|frameless|class=skin-invert]],,,{{Start date and age|1987|6|3|df|=|y}},{{ubl|Alain Chevalier|[[Henry Racamier]]}},"22 [[Avenue Montaigne]]<br />Paris, France",,,[[Public company|Public]],[[Luxury goods]],,Worldwide,{{Unbulleted list |EuronextParis|MC|FR0000121014|XPAR| |[[CAC 40]] component}} {{EuronextParis|MC|FR0000121014|XPAR}},{{decrease}} [[Euro|€]]84.7 billion (2024),{{decrease}} €18.9 billion (2024),{{decrease}} €12.6 billion (2024),{{increase}} €149.2 billion (2024),{{increase}} €69.3 billion (2024),"{{increase}} 6,307 stores (2024)","{{increase}} 215,000 (2024)",[[Bernard Arnault]] {{small|([[chairman]] and [[Chief executive officer|CEO]])}} <br /> Stéphane Bianchi {{small|(Group Managing Director)}} <br /> [[Antoine Arnault]] {{small|(Director; CEO of [[Dior|Christian Dior SE]])}} <br /> [[Delphine Arnault]] {{small|(Director; CEO of Christian Dior Couture)}},,LVMH,22 avenue Montaigne Paris.jpg,"Headquarters in Paris, France",,{{hlist|[[Clothing]]|[[cosmetics]]|[[Fashion accessory|fashion accessories]]|[[Jewellery|jewelry]]|[[perfume]]s|[[Distilled beverage|spirits]]|[[watch]]es|[[wine]]s}},250px,,,{{ISIN|sl|=|n|pl|=|y|FR0000121014}},,,,,,,,,,,[[#Subsidiaries|List of subsidiaries]],Financials {{as of|2024|12|31|lc|=|y|df|=|US}} .<br />References:,{{ubl|[[Moët & Chandon]]|[[Hennessy]]|[[Louis Vuitton]]}},,,,,[[Department stores]],,,,,LVMH Moët Hennessy Louis Vuitton [[S.A. (corporation)|SA]] (1987–2015),"{{ubl|
*[[Dior|Christian Dior SE]] and the Arnault family|ref| name=finance|{{cite web |url=https://www.dior-finance.com/en/historique-copie-en.html |title=History |publisher=Christian Dior Finance website |access-date=2024-11-01}}|</ref>| (48.6% of shares, 64.33% of votes)
*[[Public float]] (51.4% of shares; 2023)|ref| name=Euronext|{{cite web |url=https://live.euronext.com/en/product/equities/FR0000121014-XPAR/company-information |title=LVMH |publisher=Euronext Paris |access-date=December 10, 2024}}|</ref>|}} (48.6% of shares, 64.33% of votes)
*[[Public float]] (51.4% of shares; 2023)",{{URL|https://www.lvmh.com/}},,,LVMH,,,,,,,,,,,,,,
Compagnie Générale des Établissements Michelin SCA,Michelin (2017).svg,,,{{start date and age|df|=|yes|1889|5|28}},{{ubl|[[Édouard Michelin (born 1859)|Édouard Michelin]]|[[André Michelin]]}},,,,[[Public company|Public]],[[Automotive industry|Automotive]],"{{plainlist|
* Michelin
* [[BFGoodrich]]
* [[Kleber Tyre Company|Kleber]]
* [[United States Rubber Company|Uniroyal]]}}",Worldwide,{{EuronextParis|ML|FR001400AJ45}} <br />[[CAC 40]] component,{{increase}} {{Euro|28.59|link|=|yes}} billion,{{increase}} {{Euro|3.4}} billion,{{increase}} {{Euro|2}} billion,{{decrease}} {{Euro|15.341}} billion,{{decrease}} {{Euro|7.808}} billion,,"132,000","{{plainlist|
* Florent Menegaux (Managing General Partner, CEO)
* [[Michel Rollier]] (chairman of the Supervisory Board)
* Yves Chapot (General Manager, CFO)}}",{{url|https://www.michelin.com/en/|michelin.com}},Michelin,Siège de Michelin à Clermont-Ferrand II.jpg,"Headquarters in Clermont-Ferrand, France",,,250px,,,,,,2022,2022,2022,2022,2022,,2022,,{{ubl|[[ViaMichelin]]|[[ATS Euromaster]]|TCi Tire Centers|[[Camso]]|[[Multistrada Arah Sarana]]|[[Masternaut]]}},,,France,,,[[Clermont-Ferrand]],,,,,,,,,,,,Michelin,fr,,,,,,,,,,,,
Pernod Ricard S.A.,Pernod Ricard logo 2019.svg,,,{{start date and age|1975}},,,,,[[Public company|Public]] (''[[S.A. (corporation)|Société Anonyme]]''),[[Drink industry]],,Worldwide,{{EuronextParis|RI|FR0000120693|XPAR}} <br>[[CAC 40]] component,{{increase}} [[Euro|€]]12.14 billion (2023),{{increase}} €3.35 billion (2023),{{increase}} €2.28 billion (2023),,,,"19,480 (2023)",[[Alexandre Ricard]] <small>(Chairman & [[Chief Executive Officer]])</small>,{{URL|http://pernod-ricard.com/}},Pernod Ricard,,,,[[Alcoholic beverage]]s,,,,,,,,,,,,,,,,,,France,,[[Paul Ricard]],[[Paris]],,,,,,,,,,,,,,,,,,,,,,,,,
Publicis Groupe S.A.,Publicis logo.svg,,,{{start date and age|df|=|yes|1926}},,,,,[[Public company|Public]],{{Unbulleted list|[[Advertising agency|Advertising]]|[[Public relations]]}},,Worldwide,{{Unbulleted list|EuronextParis|PUB|FR0000130577|XPAR|[[CAC 40]] component}} {{EuronextParis|PUB|FR0000130577|XPAR}},{{increase}} [[Euro|€]]16.03&nbsp;billion (2024),{{increase}} €2.21&nbsp;billion (2024),{{increase}} €1.66&nbsp;billion (2024),"{{nowrap|increase| €39.85&nbsp;billion (2024)|ref| name="":0""}} {{increase}} €39.85&nbsp;billion (2024)","{{nowrap|increase| €11.06&nbsp;billion (2024)|ref| name="":0""}} {{increase}} €11.06&nbsp;billion (2024)",,"103,000 (2024)",[[Arthur Sadoun]] ([[chairman and CEO]]),{{url|publicisgroupe.com}},Publicis,,,"[[Paris]], France",{{Unbulleted list|Branding & identity| Marketing|Market research|Public relations}},,,,,,,,,,,,,,,,,,,,[[Marcel Bleustein-Blanchet]],,,,,,,,,,,,,,,,,,,,,,,,,,
Renault S.A.,[[File:2021 Renault Group logo.svg|frameless|class=skin-invert]],,200px,{{start date and age|1899|2|25|df|=|y}},"{{Plainlist|
* [[Louis Renault (industrialist)|Louis Renault]]
* [[Marcel Renault]]
* [[Fernand Renault]]}}",,,,[[Public company|Public]],[[Automotive industry|Automotive]],"{{unbulleted list
  | Renault
  | [[Automobiles Alpine|Alpine]]
  | [[Automobile Dacia|Dacia]]
  | [[Mobilize (marque)|Mobilize]]}}",Worldwide; 128 countries,{{EuronextParis|RNO|FR0000131906}} <br /> [[CAC 40]] component,{{increase}} {{euro|52.37 billion|link|=|yes}},{{increase}} {{euro|2.48 billion}},{{increase}} {{euro|2.31 billion}},{{increase}} {{euro|121.91 billion}},{{increase}} {{euro|30.63 billion}},,"170,158 (Q4 2020)","{{ubl |[[Jean-Dominique Senard]] ([[chairman]])|ref|{{cite news|url= https://www.reuters.com/article/us-health-coronavirus-renault-idUSKCN21S0K7|title=Renault chairman: Could seek 4-5 billion euros worth of bank loans |publisher=Reuters|date=10 April 2020}}|</ref>| |François Provost ([[CEO]])|ref| name=""2-24-electrive.com-cit""|{{cite web|url=https://www.electrive.com/2025/07/31/francois-provost-appointed-new-ceo-of-renault-group/|title=François Provost appointed new CEO of Renault Group - electrive.com}}|</ref>}}",{{URL|https://www.renaultgroup.com/en|renaultgroup.com}},Renault,Renault HQ.jpg,"Headquarters in [[Boulogne-Billancourt]], France",,{{unbulleted list|[[Car|Automobiles]]|[[Commercial vehicle]]s}},,,,,,,2023,2023,2023,2023,2023,,,,"{{Collapsible list|title|=|List
|'''Transportation'''<br />
Renault SAS<br />
[[Automobiles Alpine|Société des Automobiles Alpine SAS]]<br />
[[Automobile Dacia|S.C. Automobile Dacia S.A.]] (99.43%)<br />
[[Renault Korea]] (52.9%)<br />
[[JMEV]] (50%)<br />[[Horse Powertrain]] (50%)<br />
'''Financing'''<br />
[[RCI Banque]]<br />
'''Retail'''<br />
Renault Retail Group<br />
'''Other'''<br />
[[Motrio]]<br />
'''International'''<br />
[[Oyak-Renault]]<br />
[[Renault Pars]]<br />
[[Renault Argentina]]<br />
[[Renault España]]<br />
[[Renault do Brasil]]<br />
[[Renault India Private Limited]]<br />
Renault Mexico<br />
 Renault Maroc <br />
[[Revoz]]<br />
[[Sofasa]]<br />
[[Somaca]]}}",,,France,,,"[[Boulogne-Billancourt]], [[Île-de-France]]",,,,,,Société Renault Frères (1899–1944)<br>Régie Nationale des Usines Renault (1944–1990),{{unbulleted list |[[Agence des participations de l'État|French state]] (15.01%)|[[Nissan|Nissan Motor Corporation]] (15%)|ref|{{cite press release |url= https://www.renaultgroup.com/en/finance-2/key-figures/ |title=Key figures |work=Groupe Renault |access-date=29 September 2023}}|</ref>}},,,,Renault Group,,,"{{increase}} 2,264,815","2024, sales",,,,,,,,,,
Safran S.A.,Safran_logo.svg,,250px,{{Start date and age|2005|5|11|df|=|y}},,,,,[[Public company|Public]],[[Aerospace industry|Aerospace]]<br/>[[Defence industry|Defence]],,,{{EuronextParis|SAF|FR0000073272|XPAR}} <br/>[[CAC 40]] component,{{increase}} [[Euro|€]]27.31 billion (2024),{{increase}} €4.11 billion (2024),{{increase}} €3.06  billion (2024),{{increase}} €55.01 billion (end 2024),{{decrease}} €10.72 billion (end 2024),,"91,984 (2023)",{{interlanguage link|Olivier Andriès|fr}} ([[Chief executive officer|CEO]])<br/>[[Ross McInnes]] ([[chairman]]),{{URL|https://safran-group.com/}},Safran,Usine_Safran-Albany2.JPG,,,"[[Aircraft engine]]s, equipment, and interiors, defence [[electronics]], [[avionics]], [[navigation system]], communications systems, [[satellite]]s",250px,,,,"[[Snecma]], [[Sagem]]",,,,,,,,,,"[[OEMServices]] <br/>[[Safran Aero Boosters]]<br/>[[Safran Aerosystems]]<br/>[[Safran Aircraft Engines]]<br/>[[Safran Cabin]]<br/>[[Safran Ceramics]]<br/>[[Safran Electrical & Power]]<br/>[[Safran Electronics & Defense]]<br/>[[Safran Helicopter Engines]]<br/>[[Safran Landing Systems]]<br/>[[Safran Nacelles]]<br/>[[Safran Passenger Solutions]]<br/>[[Safran Seats]]<br/>[[Safran Transmission Systems]]<br/>[[ArianeGroup]] (50% ownership)
<br/>[[PowerJet]] (50% ownership)",,,France,,,[[Paris]],,,,,,,,,,,,,,,,,,,,,,,,,
Compagnie de Saint-Gobain S.A.,Saint-Gobain logo.svg,,,{{start date and age|df|=|yes|1665}},,,,,[[S.A. (corporation)|Société Anonyme]],[[Building material]]s,,Worldwide,{{Unbulleted list|EuronextParis|SGO|FR0000125007|XPAR|[[CAC 40]] component|[[Euro Stoxx 50]] component}} {{EuronextParis|SGO|FR0000125007|XPAR}},{{decrease}} [[Euro|€]]47.94 billion (2023),{{decrease}} €5.251 billion (2023),{{decrease}} €2.756 billion (2023),{{increase}} €57.30 billion (2023),{{increase}} €23.76 billion (2023),,"159,145 (2023)",{{unbulleted list| [[Pierre-André de Chalendar]] ([[chairman]]) |[[Benoît Bazin]] ([[chief executive officer|CEO]])}},{{URL|saint-gobain.com}},Saint-Gobain,,,,"[[List of building materials|Construction materials]] production and retail, glass, [[ceramic]]s, plastics, [[abrasive]]s, [[Drywall|gypsum plasterboards]]",,,,{{ISIN|sl|=|n|pl|=|y|FR0000125007}},,,,,,,,,,,,,,France,,,"[[La Défense]], [[Courbevoie]] ([[Hauts-de-Seine]])",,,,,,,,,,,,,,,,,,,,,,,,,
Sanofi S.A.,Sanofi-2022.svg,,,{{Start date and age|1973|2|15|df|=|yes}},,"[[Paris]], France",,,[[Public company|Public]],{{Unbulleted list|[[Pharmaceutical industry|Pharmaceuticals]]|[[Biotechnology]]|[[Healthcare industry|Healthcare]]}},,Worldwide,{{ubl|EuronextParis|SAN|FR0000120578|NASDAQ|SNY|[[CAC 40]] component}} {{EuronextParis|SAN|FR0000120578}} {{NASDAQ|SNY}},{{increase}} {{€|41.08 billion|link|=|yes}},{{increase}} €7.252 billion,{{increase}} €5.618 billion,{{increase}} €132.8 billion,{{increase}} €77.86 billion,,"82,878",{{ubl|[[Serge Weinberg]] ([[chairman]])|[[Paul Hudson (businessman)|Paul Hudson]] ([[Chief executive officer|CEO]])}},{{URL|sanofi.com}},Sanofi,,,,"[[Medication]]s, [[generic drug]]s, [[over-the-counter drug]]s, [[vaccine]]s, [[Medical diagnosis|diagnostics]], [[contact lens]]es, [[Veterinary medicine|animal health]] ([[#Products|list...]])",,,"{{Plainlist|
* Sanofi-Synthélabo<br />(1999–2004)
* Sanofi-Aventis<br />(2004–2011)}}",{{ISIN|sl|=|n|pl|=|y|FR0000120578}},,,2024,2024,2024,2024,2024,,2024,,"{{Plainlist|
* [[Sanofi Pasteur]]
* [[Genzyme]]
* [[Shantha Biotechnics]]
* [[Chattem]]
* [[Ablynx]]
* [[Bioverativ]]
*}}",,,,,,,,,,,,,,,,,,,,,,,,,,,,,,,
Schneider Electric SE,[[File:Schneider Electric 2007.svg|250px]],,,{{start date and age|1836|df|=|yes}} <br>(as [[Schneider & Cie]]),{{Unbulleted list|[[Eugène Schneider]]<br>[[Adolphe Schneider]]}},,,,[[Public company|Public]],[[Electrical equipment]],,Worldwide,{{Unbulleted list|EuronextParis|SU|FR0000121972|XPAR|[[CAC 40]] component}} {{EuronextParis|SU|FR0000121972|XPAR}},{{increase}} {{€|38.15 billion|link|=|yes}} (2024),{{increase}} {{€|6.44 billion}} (2024),{{increase}} {{€|4.43 billion}} (2024),{{increase}} {{€|65.94 billion}} (2024),{{increase}} {{€|31.28 billion}} (2024),,"153,121 (2023)",{{ubl|[[Olivier Blum]] ([[Chief executive officer|CEO]])|[[Jean-Pascal Tricoire]] ([[chairman]])|[[Léo Apotheker]] (director)}},{{official URL}},Schneider Electric,Schneider Elec HQ day.jpg,Schneider Electric head office in Rueil-Malmaison,"[[Rueil-Malmaison]], France","[[Building automation]], [[home automation]], [[switch]]es, and sockets, [[plant process and emergency shutdown systems]], [[industrial control system]]s, [[electric power distribution]], [[electrical grid]] automation, [[smart grid]], [[APC by Schneider Electric|critical power & cooling]] for datacenters",270px,,,,,,,,,,,,,,"Luminous Power Technologies Pvt Ltd., [[invensys]], [[SolveIT Software]], [[APC by Schneider Electric|APC]], Areva T&D, BEI Technologies, Cimac, [[Citect]], [[Clipsal]], ELAU, Federal Pioneer, Merlin Gerin, Merten, Modicon PLC, Lauritz Knudsen, Nu-Lec Industries, PDL Group, Power Measurement, [[Square D]], [[TAC (building automation)|TAC]], Telemecanique, [[Telvent]], Zicom, Summit, Xantrex",,,,,,,,,,,,,,,,,,,,,,,,,,,,,,,
Société Générale S.A.,[[Image:Société Générale.svg|220px]],,,{{start date and age|1864|05|04|df|=|y}},,,,,{{lang|fr|[[S.A. (corporation)|Société Anonyme]]}},[[Financial services]],,Worldwide,{{EuronextParis|GLE|FR0000130809|XPAR}} <br />[[CAC 40]] component,{{gain}} {{€|28.1 billion|link|=|yes}} (2022),{{gain}} €7.78 billion (2022),{{gain}} €5.61 billion (2022),{{gain}} €1.596 trillion (Q3 2025),{{gain}} €72.78 billion (2022),,"117,500 (2024)",[[Slawomir Krupa]] (CEO),[https://www.societegenerale.com/en societegenerale.com],Société Générale,[[File:ToursSocieteGenerale.jpg|220px]],"[[Tours Société Générale]], the company's headquarters in [[La Défense]] near [[Paris]]","29 [[Boulevard Haussmann]], [[9th arrondissement of Paris|9th arrondissement]], [[Paris]] (registered office)<br />[[Tours Société Générale]], [[Nanterre]]/[[La Défense]], France (operational headquarters)",{{ubl | [[Asset management]] | [[Banking]] | [[Commodities]] | [[Credit card]]s | [[Equities trading]] | [[Insurance]] | [[Investment management]] | [[Mortgage loan]]s | [[Private equity]] | [[Wealth management]]}},,,,,,,,,,,,,,,[[#Affiliates|See § Affiliates]],,,,,,,,,,,,,,,,,,,,,,,,,,,,,,,
Stellantis N.V.,Stellantis.svg,,,,,"[[Hoofddorp]], Netherlands (legal office) <br /> [[Auburn Hills, Michigan]], United States (CEO's office)",,,[[Public company|Public]],[[Automotive]],"{{Collapsible list|
* [[Abarth]]
* [[Alfa Romeo]]
* [[Chrysler (brand)|Chrysler]]
* [[Citroën]]
* [[Dodge]]
* [[DS Automobiles|DS]]
* [[Fiat]]
* [[Jeep]]
* [[Lancia]]
* [[Maserati]]
* [[Opel]]
* [[Peugeot]]
* [[Ram Trucks]]
* [[Vauxhall Motors|Vauxhall]]}}",Worldwide,"{{Plainlist|
* |Borsa Italiana|NL00150001Q9|STLAM|
* |EuronextParis|STLAP|NL00150001Q9|XPAR|
* |NYSE|STLA|
* [[FTSE MIB]] component (STLAM)
* [[CAC 40]] component (STLAP)}} {{Borsa Italiana|NL00150001Q9|STLAM}} * {{EuronextParis|STLAP|NL00150001Q9|XPAR}} * {{NYSE|STLA}} * [[FTSE MIB]] component (STLAM)
* [[CAC 40]] component (STLAP)",{{Decrease}} €156.9&nbsp;billion,{{Decrease}} €3.69&nbsp;billion,{{Decrease}} €5.52&nbsp;billion,{{Increase}} €207.6&nbsp;billion,{{Decrease}} €82.12&nbsp;billion,,"248,243","{{Plainlist|
* [[Antonio Filosa]] ([[Executive Director]] & [[CEO]])|ref|{{cite web |title=Stellantis Announces Antonio Filosa – 25-Year Veteran of the Company – to Be Its New Chief Executive Officer |url=https://www.stellantis.com/en/news/press-releases/2025/may/stellantis-announces-antonio-filosa-25-year-veteran-of-the-company-to-be-its-new-chief-executive-officer |website=Stellantis |date=May 28, 2025 |access-date=May 28, 2025}}|</ref>|
* [[John Elkann]] ([[Chair (officer)|chair]])
* [[Robert Peugeot]] (vice chair)}} * [[John Elkann]] ([[Chair (officer)|chair]])
* [[Robert Peugeot]] (vice chair)",,Stellantis,Chrysler Headquarters Tower (November 2021).jpg,"North American headquarters in [[Auburn Hills, Michigan]], USA.",,,,,,NL00150001Q9,,{{Start date and age|df|=|y|2021|01|17}},2024,2024,2024,2024,2024,,2024,,"{{Collapsible list|
* [[Stellantis Argentina]]
* [[Fiat Chrysler Australia|Stellantis Australia and New Zealand]]
* [[Stellantis France]]
** [[Sevel]]
* [[Stellantis Gurun Plant|Stellantis Gurun (Malaysia)]]
* [[Stellantis Europe|Stellantis Italy]]
** [[Fiat Professional]]
** [[FCA Heritage|Heritage]]
** [[VM Motori]]
* [[Stellantis North America]]
** [[Mopar]]
** [[Street and Racing Technology|SRT]]
** [[Stellantis Canada]]
* [[Stellantis Pro One]]
* [[FCA India Automobiles]]
* [[FCA Poland]]
* [[Fiat Ireland]]
* [[Free2Move]]
** [[Share Now]]
* [[Citroën Chile]]
* [[Citroën India]]
* [[Comau]]
* [[Stellantis Financial Services]]
* [[aiMotive]]
* [[:it:Centro Ricerche Fiat|Centro Ricerche Fiat]]
* [[:it:Plastic Components and Modules Automotive|PCMA]]
* [[Teksid]] (84.8%)
* [[Fiat Serbia]] (67%)
* [[Leapmotor]] (20%)
* Leapmotor International (51%)
* [[Dongfeng Peugeot-Citroën|DPCA]] (50%)
* [[Nidec|Emotors]] (50%)
* [[IKAP]] (50%)
* [[:it:Leasys|Leasys]] (50%)
* [[CK Birla Group|PSA AVTEC]] (50%)
* [[SAIPA|SAIPA Citroën]] (50%)
* [[Tofaş]] (37%)
* [[Berjaya Auto Alliance]] (29%)}}",,{{ubl|[[Fiat Chrysler Automobiles]]|[[PSA Group]]}},,,,,,,,,,,"{{Plainlist|
* [[Exor (company)|Exor]] (15.5%)
* [[Peugeot Invest]] (7.74%)
* [[Bpifrance]] (6.65%)}}",{{URL|https://www.stellantis.com/|stellantis.com}},,,,,,{{Decrease}} 5.415 million vehicles,2024,,,,,,,,,,
STMicroelectronics NV,ST_logo_2020_blue_V.svg,,120px,{{start date and age|1987}},,,,,[[Public company|Public]],[[Semiconductor]]s,,,"{{bulletedlist
                       |EuronextParis|STMPA|NL0000226223|XPAR|
                       |Nyse|STM|
                       |Borsa Italiana|NL0000226223|STMMI|
                       |[[CAC 40]] component
                       |[[FTSE MIB]] component}} {{EuronextParis|STMPA|NL0000226223|XPAR}} {{Nyse|STM}} {{Borsa Italiana|NL0000226223|STMMI}}",{{decrease}} {{US$|13.27&nbsp;billion|link|=|yes}} (2024),{{decrease}} US$1.676&nbsp;billion (2024),{{decrease}} US$1.565&nbsp;billion (2024),{{increase}} US$24.74&nbsp;billion (2024),{{increase}} US$17.68&nbsp;billion (2024),,"49,602 (2024)","{{ubl
                       |Jean-Marc Chery |nowrap |(president and [[chief executive officer|CEO]])|
                       |[[Nicolas Dufourcq]] ([[Chair (official)|chairman]])}} {{nowrap |(president and [[chief executive officer|CEO]])}}",{{official URL}},STMicroelectronics,STMicroelectronics-building.JPG,"Headquarters in Plan-les-Ouates, Switzerland","[[Plan-les-Ouates]], [[Geneva (canton)|Geneva]], Switzerland","[[ASIC]]s, [[computer memory|memory]] (including [[EEPROM]]), [[microcontrollers]], [[microprocessors]], [[transistors]], [[smartcards]], [[MEMS]]",250px,,,{{ISIN|sl|=|n|pl|=|y|NL0000226223}},,,,,,,,,,,,"{{ubl
                       |Financials |as of|2024|12|31|lc|=|y|df|=|ISO| |ref| name=""AR24""|{{cite web|url=https://www.sec.gov/ix?doc=/Archives/edgar/data/932787/000093278725000006/stm-20241231.htm|title=2024 Annual Report (Form 20-F)|publisher=[[U.S. Securities and Exchange Commission]]|date=27 February 2025|access-date=27 February 2025}}|</ref>|
                       |ref|{{Cite web | title=St Microelectronics - A European Semiconductor Conglomerate | url=https://www.yourtechstory.com/2019/11/25/st-microelectronic-european-semiconductor-conglomerate/ | archive-url=https://web.archive.org/web/20191208115206/http://www.yourtechstory.com:80/2019/11/25/st-microelectronic-european-semiconductor-conglomerate/ | access-date=2025-08-22 | archive-date=2019-12-08}}|</ref>|}} {{as of|2024|12|31|lc|=|y|df|=|ISO}}","{{ubl
                       |[[SGS Microelettronica]]
                       |[[Thomson SA|Thomson Semiconductors]]}}",,,"{{ubl
                       |[[Elihu Thomson]]
                       |[[Camillo Olivetti]]}}",,,,,,,,,,,,,,,,,,,,,,,,,,
Teleperformance SE,[[File:TPlogo2025.svg|frameless|upright=0.45|class=skin-invert]],,250px,{{Start date and age|1978}} in France,,{{Coord|48.8754|2.3023}},"<br /> [[Paris]], [[Île-de-France]]",France,''[[Societas Europaea]]'',[[Business process outsourcing]],,Worldwide,"{{plainlist|
* |EuronextParis|TEP|FR0000051807|XPAR|
* [[CAC 40]] component}} {{EuronextParis|TEP|FR0000051807|XPAR}} * [[CAC 40]] component",{{increase}} [[Euro|€]]10.28 billion (2024),{{increase}} €1.082 billion (2024),{{decrease}} €523 million (2024),,,,"{{increase}} 490,000 (2024)",Daniel Julien <br /><small>([[Chairperson|Chairman]] & [[Chief Executive Officer|CEO]])<br /></small>Thomas Mackenbrock<br />Olivier Rigaudy<br />Agustin Grisanti<br />Scott Klein (deputy CEOs),{{URL|tp.com}},Teleperformance,Teleperformance headquarters.jpg,"Teleperformance headquarters in [[Paris]], [[France]]",,,270px,,,{{ISIN|sl|=|n|pl|=|y|FR0000051807}},,,,,,,,,,,,,,,,Daniel Julien,,"{{plainlist|
* [[Call center]]
* [[Outsourcing]]
* [[Customer service|Customer care]]
* [[Sales]]
* [[Technical support]]
* [[Debt collection]]}}",,,,,,,,,,,,,,,,,,,,,,,,
Thales of Miletus,,,,,,,,,,,,,,,,,,,,,,,Thales,Illustrerad Verldshistoria band I Ill 107.jpg,,,,,,,,,,,,,,,,,,,,,,,,,,,,,,,,,,,,,,,,"Posthumous portrait of Thales by Wilhelm Meyer, based on a bust from the 4th century",{{circa}} 626/623 BC,"[[Miletus]], [[Ionian League]]",{{circa}} 548/545 BC (aged {{circa}} 78),[[Pre-Socratic philosophy]],[[Western philosophy]],[[Ionian School (philosophy)|Ionian]] {{\}} [[Milesian school|Milesian]],{{hlist |[[Metaphysics]] |[[mathematics]] |[[astronomy]]}},{{ublist|class|=|nowrap |[[Philosophy|Philosophical inquiry]]|Water is the ''[[arche]]'' |[[Eclipse of Thales]]|[[Thales's theorem]] |[[Intercept theorem]] |[[Know thyself]]|[[Static electricity]]}},
TotalEnergies SE,TotalEnergies logo.svg,,,{{Start date and age|1924|03|28|df|=|y}},,,,,[[Public company|Public]],[[Energy industry|Energy]]: [[Oil and gas industry|Oil and gas]],,Worldwide,{{Unbulleted list|EuronextParis|TTE|FR0000120271|XPAR|NYSE|TTE| (ADR)|[[CAC 40]] component}} {{EuronextParis|TTE|FR0000120271|XPAR}} {{NYSE|TTE}} (ADR),{{Decrease}} {{US$|237.1 billion|link|=|yes}} (2023),{{Decrease}} {{US$|33.43 billion}} (2023),{{Increase}} {{US$|21.51 billion}} (2023),{{Decrease}} {{US$|283.6 billion}} (2023),{{Increase}} {{US$|119.4 billion}} (2023),,"102,579 (2023)",[[Patrick Pouyanné]] ([[chairman]] & [[Chief executive officer|CEO]]),{{URL|https://totalenergies.com/}},TotalEnergies,Tour-Total.jpg,"[[Tour Total]] in [[Courbevoie]], [[France]], the headquarters of TotalEnergies","[[Tour Total]], [[Courbevoie]], France",{{hlist|[[Petroleum]]|[[natural gas]]|[[LNG]]|[[Oil refinery|oil refining]]|[[chemical substance|chemicals]]|[[Solar energy|solar]]|[[biomass]]}},,,Total SE,{{ISIN|sl|=|n|pl|=|y|FR0000120271}},,,,,,,,,,,,,,,,,,[[Filling station|Fuel stations]],,,,,,,,,,,,,,,,,,,,,,,,
Unibail-Rodamco-Westfield SE,Unibail-Rodamco-Westfield_logo.svg,,250px,{{start date and age|2007|6|27|df|=|yes}},,,,,[[Public company|Public]] ([[Societas Europaea]]),[[Commercial real estate]],,"{{flat list|
* [[European Union]]
* [[United States]]
* [[United Kingdom]]}}","{{plain list|
* |EuronextAmsterdam|URW|FR0013326246|XAMS|
* [[AEX index|AEX Component]]
* [[CAC 40|CAC 40 Component]]}} {{EuronextAmsterdam|URW|FR0013326246|XAMS}} * [[AEX index|AEX Component]]
* [[CAC 40|CAC 40 Component]]",[[Euro|€]]5.4 billion,,€1.1 billion,€56.5 billion (December 2020),,,3100 (2021),"{{plain list|
* Jean-Marie Tritant (CEO)
* Leon Bressler (chairman of the [[supervisory board]])
* [[Xavier Niel]] (board member and main shareholder with 23.24%)}}",{{URL|urw.com}},Unibail-Rodamco-Westfield,Unibail Rodamco Westfield.jpg,"Headquarters in [[Paris]], [[France]]",,,250px,,,{{ISIN|sl|=|n|pl|=|y|FR0013326246}},,,,,,,,,,,,,,[[France]],,,[[Paris]],,,,,,,,,,,,,,,,,,,,,,,,,"{{flat list|
* [[Shopping mall|Shopping centre]]s
* [[Office#Office buildings|office building]]s
* [[convention center]]s}}"
Veolia Environnement S.A.,[[File:Veolia logo.svg|250px]],,,{{start date and age|1853}} (Compagnie Générale des Eaux)<br /> {{start date and age|1998}} (Vivendi Environnement)<br /> {{start date and age|2003}} (Veolia Environnement),,,,,[[Public company|Public]],[[Natural environment|Environmental]] [[Service (economics)|services]],,,{{EuronextParis|VIE|FR0000124141|XPAR}} <br />[[CAC 40]] component,{{increase}} [[Euro|€]]44.69 billion <small>(2024)</small>,,{{increase}} €1.53 billion <small>(2024)</small>,€72.959 billion <small>(end 2024)</small>,€12.915 billion <small>(end 2024)</small>,,"215,000 (2024)",{{ubl|[[Estelle Brachlianoff]] ([[chief executive officer|CEO]])|[[Antoine Frérot]] ([[chairman]])}},{{URL|https://www.veolia.com/en|www.veolia.com}},Veolia,024V2781 2.jpg,"Veolia headquarters in [[Aubervilliers]], [[Île-de-France]]","Aubervilliers, France",,,,,{{ISIN|sl|=|n|pl|=|y|FR0000124141}},,,,,,,,,,,,,,,,,,"[[Water treatment]], [[waste management]], [[HVAC]], [[street lighting]], [[facility management]] services",,,,,,,,,,,,,,,,,,,,,,,,
