name,former_name,logo,logo_size,logo_caption,image,image_size,image_caption,type,traded_as,founder,location_city,location_country,area_served,key_people,industry,products,revenue,operating_income,net_income,assets,equity,num_employees,subsid,foundation,homepage,_company_name,image_upright,ISIN,predecessor,founded,hq_location,revenue_year,income_year,net_income_year,assets_year,equity_year,owner,num_employees_year,divisions,footnotes,founders,location,services,aum,predecessors,production,owners,brands,locations,hq_location_city,hq_location_country,num_locations,num_locations_year,profit,profit_year,ratio,rating,website,parent,logo_class,module,former_names,image_alt,logo_upright,trade_name,native_name,areas_served
Adidas AG,Gebrüder Dassler Schuhfabrik (1924–1949),Adidas 2022 logo.svg,200,Main logo since 2022,Herzogenaurach - Adidas - 2016.jpg,250,"Current factory outlet in Herzogenaurach, Germany.",[[Public company|Public]],{{FWB|ADS|isin|=|DE000A1EWWW0}} <br />[[DAX|DAX component]],[[Adolf Dassler]],"[[Herzogenaurach]], Bavaria",Germany,Worldwide,"{{plainlist|
* [[Thomas Rabe (manager)|Thomas Rabe]] ([[chairman]])|ref|{{cite web |url=https://www.adidas-group.com/en/about/supervisory-board/ |title=Supervisory Board |website=Adidas Group |access-date=20 October 2021 |archive-date=18 August 2021 |archive-url=https://web.archive.org/web/20210818085730/https://www.adidas-group.com/en/about/supervisory-board/ |url-status=dead }}|</ref>|
* Bjørn Gulden ([[CEO]])}} * Bjørn Gulden ([[CEO]])","[[Textile industry|Textile]], [[Footwear#Footwear industry|footwear]]","[[clothing|Apparel]], [[footwear]], [[sportswear]], [[sports equipment]], [[toiletries]]",{{Increase}} [[Euro|€]]23.683&nbsp;billion (2024),{{Increase}} €1.249&nbsp;billion (2024),{{Increase}} €756&nbsp;million (2024),{{Increase}} €20.655&nbsp;billion (2024),{{Increase}} €5.868&nbsp;billion (2024),"62,035 (2024)",{{ubl|[[Adidas Runtastic]]|Matix}},"{{start date and age|df|=|yes|1924|7}} in [[Herzogenaurach]], Germany (as Gebrüder Dassler Schuhfabrik)<br /> {{start date and age|1949|8|18|df|=|yes}} (as Adidas)",{{URL|https://www.adidas.com/|adidas.com}},Adidas,,,,,,,,,,,,,,,,,,,,,,,,,,,,,,,,,,,,,,,,,
Airbus SE,"{{Indented plainlist|
* '''Parent company:'''
* European Aeronautic Defence and Space Company NV (EADS) (2000–2014)
* Airbus Group NV (2014–2015)
* Airbus Group SE (2015–2017)
* '''Subsidiary:'''
* Airbus Industrie GIE (1970–2001)
* Airbus SAS (2001–current)
* Airbus Military (2008-2014)}}",Airbus Logo 2017.svg {{!}} class=skin-invert,180px,,Airbus Lagardère - Aéroconstellation.jpg,250px,"Lagardère production plant in [[Blagnac]], France",[[Public company|Public]],"{{Plainlist|
* |BMAD|isin|=|NL0000235190|AIR|
* |EuronextParis|AIR|NL0000235190|XPAR|
* |FWB|AIR|isin|=|NL0000235190|
* [[CAC 40]] component
* [[DAX]] component
* [[Euro Stoxx 50]] component}} {{BMAD|isin|=|NL0000235190|AIR}} * {{EuronextParis|AIR|NL0000235190|XPAR}} * {{FWB|AIR|isin|=|NL0000235190}} * [[CAC 40]] component
* [[DAX]] component
* [[Euro Stoxx 50]] component",,,,Worldwide,"{{plainlist|
* [[Guillaume Faury]] ([[Chief executive officer|CEO]])
* [[René Obermann]] ([[chairman]])}}","{{ubl
|[[Aerospace manufacturer|Aerospace]]
|[[Arms industry|Defence]]}}","{{hlist
  | [[Airbus A220|A220]]
  | [[Airbus A320neo family|A320neo]]
  | [[Airbus A330neo|A330neo]]
  | [[Airbus A350|A350]]}}",{{Increase}} &nbsp; {{€|69.23 billion|link|=|yes}},{{Increase}} {{€|5.30 billion}},{{Increase}} &nbsp; {{€|4.23 billion}},{{Increase}} &nbsp; {{€|129.21 billion}},{{Increase}} &nbsp; {{€|19.70 billion}},"156,921","{{plainlist|
* [[Airbus Group, Inc.]]
* [[Airbus Corporate Jets]]
* [[Composite Technology Center]]
* [[Helibras]]
* [[Metron Aviation]]
* [[NAVBLUE]]
* [[NHIndustries]] (62.5%)
* [[Premium AEROTEC]]
* [[Satair]]
* [[Airbus Atlantic]]
* [[Tesat-Spacecom]]
* [[Testia]]}}",,{{official url}},Airbus,1.2,NL0000235190,"[[Aérospatiale]], [[CASA (aircraft manufacturer)|CASA]], [[DASA]], [[Matra]]",{{Start date and age|1970|12|18|df|=|y}},"{{Indented plainlist|
* [[Leiden]], Netherlands (legal headquarters)
* [[Blagnac]], France (main office of operations)}}",2024,2024,2024,2024,2024,"{{Indented plainlist|
* [[SOGEPA]] (French Government): 10.9%|ref|[https://www.airbus.com/sites/g/files/jlcbta136/files/2023-11/Airbus_9m_2023_Presentation.pdf Airbus 9m Results 2023]. p.29. ''The Drive''. 8 November 2023.|</ref>|
* |ill|GZBV|de|Gesellschaft zur Beteiligungsverwaltung| (German Government): 10.8%|ref| name=""Airbus 9m Results 2023""|[https://www.airbus.com/sites/g/files/jlcbta136/files/2023-11/Airbus_9m_2023_Presentation.pdf Airbus 9m Results 2023].  p.29. ''The Drive''. 8 November 2023.|</ref>|
* [[Sociedad Estatal de Participaciones Industriales|SEPI]] (Spanish Government): 4.1%|ref| name=""Airbus 9m Results 2023""|ref| name=""shares2022""|{{cite web |title=Shareholding Structure at 31 December 2022 |url=https://www.airbus.com/sites/g/files/jlcbta136/files/2023-02/Airbus%20FY%202022%20Results%20Presentation_0.pdf|website=Airbus |access-date=22 April 2023 |language=en}}|</ref>|}} * {{ill|GZBV|de|Gesellschaft zur Beteiligungsverwaltung}} (German Government): 10.8% * [[Sociedad Estatal de Participaciones Industriales|SEPI]] (Spanish Government): 4.1%",2024,"{{plainlist|
* [[Airbus Defence and Space|Defence and Space]]
* [[Airbus Helicopters|Helicopters]]}}",Financials {{as of|2024|12|31|lc|=|y}} .<br />References:,,,,,,,,,,,,,,,,,,,,,,,,,,,
Allianz,,Allianz.svg,,,Wzwz_schwabing_26_allianz_building.JPG,,Headquarters in Munich,[[Public company|Public]] (''[[societas Europaea]]''),{{ubl|FWB|ALV|[[DAX]] component}} {{FWB|ALV}},,,,[[World]]wide,"{{ubl|[[Oliver Bäte]] ([[CEO]]) |[[Michael Diekmann]] (chair, supervisory board)}}",[[Financial services]],,{{increase}} [[Euro|€]]179.8&nbsp;billion (2024),{{increase}} €16.02&nbsp;billion (2024),{{increase}} €10.54&nbsp;billion (2024),{{increase}} €1.045&nbsp;trillion (2024),{{increase}} €60&nbsp;billion (2024),"156,626 (2024)",{{ubl|[[AGF (company)|Allianz France]]|[[Allianz Global Investors]]|[[Allianz Life]]|[[Bajaj Finserv#Subsidiaries|Bajaj Allianz]]|[[Allianz Trade]]|[[PIMCO]]}},"{{Start date and age|1890|02|5|df|=|y}} in [[Munich]], [[Germany]]",{{URL|allianz.com/|Allianz.com}},Allianz,,,,,,,,,,,,,,,{{ubl|[[Carl von Thieme]]|[[Wilhelm von Finck]]}},"[[Munich]], Germany",{{ubl|[[Insurance]] |[[General insurance]] |[[Health insurance]] |[[Vehicle insurance]] |[[Travel insurance]] |[[Home insurance]] |[[Life insurance]] |[[Mortgage loan]]s |[[Investment management]] | [[Asset management]] |[[Mutual fund]]s}},{{nowrap|increase| €2.448&nbsp;trillion (2024)}} {{increase}} €2.448&nbsp;trillion (2024),,,,,,,,,,,,,,,,,,,,,,,
BASF SE,,BASF-Logo bw.svg,205px,,,,,[[Public company|Public]],{{ubl|FWB|BAS|isin|=|DE000BASF111|[[DAX]] component}} {{FWB|BAS|isin|=|DE000BASF111}},[[Friedrich Engelhorn]],,,,{{ubl|Jürgen Hambrecht <small>(chairman of the [[supervisory board]])</small>| Markus Kamieth (CEO)}},[[Chemical industry|Chemicals]],"Chemicals, plastics, performance chemicals, [[catalyst]]s, [[coating]]s, [[Agricultural science|crop technology]], [[crude oil]] and natural gas [[Hydrocarbon exploration|exploration]] and production",{{decrease}} {{€|68.9&nbsp;billion|link|=|yes}} (2023),{{decrease}} €2.24&nbsp;billion (2023),{{increase}} €225&nbsp;million (2023),{{decrease}} €77.4&nbsp;billion (2023),{{decrease}} €36.6&nbsp;billion (2023),"{{increase}} 111,991 (end 2023)","[[Wintershall]], Nunhems, TrinamiX, [[Cognis]], BTC Europe, Chemster, Siegfried PharmaChemikalien Minden, [[Verenium Corporation]], Isobionics, Succinity, Pinturas Thermicas del Norte","{{start date and age|1865|04|6|df|=|yes}} (as Badische Anilin- und Sodafabrik); [[Mannheim]], [[Grand Duchy of Baden|Baden]], Germany",{{URL|basf.com}},BASF,,{{ISIN|sl|=|n|pl|=|y|DE000BASF111}},,,,,,,,,,,,,,"[[Ludwigshafen]], Germany",,,,,,,,,,,,,,,,,,,,,,,,,
Bayer AG,,Logo Bayer.svg,160px,,Leverkusen Kaiser-Wilhelm-Allee 0004.jpg,,Headquarters in Leverkusen,[[Public company|Public]],{{ubl|class|=|nowrap|FWB|BAYN|[[DAX]] component|[[Euro Stoxx 50]] component}} {{FWB|BAYN}},[[Friedrich Bayer]],,,Worldwide,"{{Plainlist|
* [[Bill Anderson (businessman)|Bill Anderson]] (CEO)
* Norbert Winkeljohann (chairman of the [[supervisory board]])}}","{{plainlist|
* [[Pharmaceutical industry|Pharmaceuticals]]
* [[Chemical industry|Chemicals]]
* [[Biotechnology]]
* [[Healthcare industry|Healthcare]]}}",{{hlist|Prescription pharmaceuticals|[[Medical imaging|diagnostic imaging]]|therapeutics|[[over-the-counter drug]]s|[[pesticides]]|[[seeds]]|[[Plant breeding|plant biotechnology]]}},{{decrease}} {{€|46.6&nbsp;billion|link|=|yes}} (2024),{{decrease}} €&minus;71&nbsp;million (2024),{{increasenegative}} €&minus;2.6&nbsp;billion (2024),{{increase}} €102&nbsp;billion (2024),{{increase}} €43.3&nbsp;billion (2024),"92,815 (2024)",,{{start date and age|1863|08|01|df|=|y|br|=|y}},{{url|https://www.bayer.com/|bayer.com}},Bayer,,,,,,,,,,,,,,,,"[[Leverkusen]], [[North Rhine-Westphalia]], Germany",,,,,,,,,,,,,,,,,,,,,,,,,
Beiersdorf AG,,Beiersdorf Logo.svg {{!}} class=skin-invert-image,250px,Beiersdorf's logo used since January 2014,Beiersdorf Headquarters Hamburg 1.jpg,250px,"Headquarters in [[Hamburg]], Germany",[[Public company|Public]] ([[Aktiengesellschaft|AG]]),{{Unbulleted list | |FWB|BEI| | [[DAX]] component}} {{FWB|BEI}},[[Paul Beiersdorf]],,,Worldwide,"{{plainlist|
* Vincent Warnery<br>|small|(CEO and Chairman of the executive board)|
* [[Reinhard Pöllath]]<br>|small|(Chairman of the supervisory board)|}} {{small|(CEO and Chairman of the executive board)}} * [[Reinhard Pöllath]]<br> {{small|(Chairman of the supervisory board)}}",[[Fast-moving consumer goods|Consumer goods]],{{hlist|[[Skin care]]|[[Personal care]]}},{{increase}} {{€|9.85&nbsp;billion|link|=|yes}} (2024),{{increase}} €1.29&nbsp;billion (2024),{{increase}} €928&nbsp;million (2024),{{increase}} €7.71&nbsp;billion (2024),{{decrease}} €2.54&nbsp;billion (2024),"22,791 (2024)",,{{Start date and age|1882|03|28|df|=|y}},{{url|https://www.beiersdorf.com/|beiersdorf.com}},Beiersdorf,,,,,,,,,,,Maxingvest (50.49%),,,,,"[[Hamburg]], Germany",,,,,,,,,,,,,,,,,,,,,,,,,
Bayerische Motoren Werke Aktiengesellschaft,,BMW logo (white + grey background square).svg,,Official logo since 2020,"4 cilindros de BMW, Múnich, Alemania1.jpg",,"[[BMW Headquarters]] in Munich, Germany",[[Public company|Public]],{{unbulleted list| |FWB|BMW| |[[DAX]] component}} {{FWB|BMW}},,[[Munich]],Germany,Worldwide,"{{Plainlist|
* [[Oliver Zipse]] (chairman of management board)
* |ill|Nicolas Peter|de| (chairman of supervisory board)}} {{ill|Nicolas Peter|de}} (chairman of supervisory board)",[[Automotive industry|Automotive]],{{Hlist|[[Car]]s|[[motorcycle]]s|[[bicycle]]s}},{{Increase}} {{Euro|155.50|link|=|yes}} [[Billion (short scale)|billion]] (2023),{{Decrease}} {{Euro|17.096}} billion (2023),{{Decrease}} {{Euro|12.165}} billion (2023),{{Increase}} {{Euro|250.89}} billion (2023),{{Increase}} {{Euro|92.923}} billion (2023),"154,950 (2023)",,{{Start date and age|1916|3|7}} <br>(official date) {{Paragraph break}} {{Start date and age|1922|df|=|y}} <br>(''de facto'' date),{{ubl|URL|bmwgroup.com| (corporate)|URL|bmw.com| (brand)}} {{URL|bmwgroup.com}} (corporate) {{URL|bmw.com}} (brand),BMW,,,,,,,,,,,,,,,[[Camillo Castiglioni]]<br>[[Franz Josef Popp]],,"Car-sharing services, financing, leasing, insurance and other financial services",,"{{Plainlist|
* [[Otto Flugmaschinenfabrik]]
* [[Rapp Motorenwerke]]
* [[Automobilwerk Eisenach|Fahrzeugfabrik Eisenach]]}}","{{Ubl|class|=|nowrap|Increase| 2,661,922 cars (2023)|Increase| 221,988 motorcycles (2023)|ref| name=""AR2023""}} {{Increase}} 2,661,922 cars (2023) {{Increase}} 221,988 motorcycles (2023)",{{Ubl|[[Stefan Quandt]] (25.8%)|[[Susanne Klatten]] (20.9%)|[[Public]] (53.4%)|ref|{{Cite web|url=https://www.bmwgroup.com/en/investor-relations/bmw-shares.html|title=BMW shares. Mikaeel Collier (100%) Shareholder structure|website=www.bmwgroup.com|access-date=11 July 2023}}|</ref>}},"{{Unbulleted list|'''Automobiles'''|[[#Automobiles|BMW]] ([[BMW i|i]], [[BMW M|M]], [[BMW X|X]], [[BMW Z|Z]], [[Alpina]])|[[Mini (marque)|Mini]]|[[Rolls-Royce Motor Cars|Rolls-Royce]]|'''Motorcycles'''|[[BMW Motorrad]]}}",,,,,,,,,,,,,,,,,,,
Brenntag SE,,Brenntag Logo 2022.svg,250px,,,,,[[Public company|Public]] (''[[Societas Europaea]]''),{{Unbulleted list |FWB|BNR| |FWB|BNRA| ([[American Depositary Receipt|ADR]]) |[[DAX]] component (BNR)}} {{FWB|BNR}} {{FWB|BNRA}} ([[American Depositary Receipt|ADR]]),Philipp Mühsam,[[Essen]],[[Germany]],,Jens Birgersson ([[chief executive officer|CEO]])<br>Richard Ridinger ([[Chairman]] of the [[Supervisory board]]),[[Distribution (business)|Distribution]],,{{decrease}} €16.8 billion (2023),,,,,"17,709 (2023)",,{{Start date and age|1874}},{{URL|brenntag.com}},Brenntag,,{{ISIN|sl|=|n|pl|=|y|DE000A1DAHH0}} <br> {{ISIN|sl|=|n|pl|=|y|US1071801013}},,,,,,,,,,,,,,,[[Chemical industry|Chemical]] and ingredients distribution,,,,,,600,,,,,,,,,,,,,,,,,,
Commerzbank AG,,Commerzbank (2009).svg,,,Frankfurt_Commerzbank_vom_Schaumainkai.jpg,,"[[Commerzbank Tower]], the headquarters of Commerzbank in  [[Innenstadt (Frankfurt am Main)|Innenstadt]], [[Frankfurt]]",[[Public company|Public]],{{FWB|CBK}} <br>[[DAX]],,,,Worldwide,{{Unbulleted list|ill|Bettina Orlopp|de|<br />(chairwoman of the [[Vorstand|Board of Managing Directors]])|[[Jens Weidmann]]<br />(chairman of the [[Supervisory Board]])}} {{ill|Bettina Orlopp|de}} <br />(chairwoman of the [[Vorstand|Board of Managing Directors]]),[[Financial services]],{{ubl | [[Asset management]] | [[Banking]] | [[Commodities]] | [[Credit card]]s | [[Equities trading]] | [[Insurance]] | [[Investment management]] | [[Mortgage loan]]s | [[Private equity]] | [[Wealth management]]}},{{increase}} [[€]]11.1 billion,{{increase}} €3.8 billion,,€592.951 billion (Q3 2025),"{{increase}} €34,4 billion","46,218",,,,Commerzbank,,{{ISIN|sl|=|n|pl|=|y|DE000CBK1001}},,{{Start date and age|1870|02|26|df|=|y}} in [[Hamburg]],[[Commerzbank Tower]],2024,2024,,2024,2024,,2025,,[https://investor-relations.commerzbank.com/ Commerzbank Investor Relations],Theodor Wille et al.,,,,,,,{{Unbulleted list|[[Comdirect Bank]]|[[mBank]]}},,[[Frankfurt am Main]],Germany,15 operational foreign branches and 27 representative offices in over 40 countries,2023,{{increase}} €2.7 billion,2024,15.1% (2024),{{Unbulleted list|BBB ([[S&P Global]])|Baa2 ([[Moody's]])}},{{Official URL}},,,,,,,,,
Covestro AG,,Covestro Logo.svg,150px,,,,,''[[Aktiengesellschaft]]'',"{{plainlist|
* |FWB|1COV|}} {{FWB|1COV}}",,"[[Leverkusen]], [[North Rhine-Westphalia]]",[[Germany]],,Markus Steilemann (CEO),{{ubl|[[Chemical industry|Chemicals]]|[[Materials science|Materials]]}},,{{increase}} {{€|18.0 billion|link|=|yes}} (2022),{{decrease}} {{€|0.3 billion}} (2022),{{decrease}} {{€|-0.3 billion}} (2022),{{decrease}} {{€|14.6 billion}} (2022),{{decrease}} {{€|7.1 billion}} (2022),"17,985 (2022)",,{{start date and age|2015|9|1|df|=|yes}},{{URL|https://www.covestro.com/}},Covestro,,,[[Bayer|Bayer MaterialScience]],,,,,,,,,,,,,,,,,,,,,,,,,,,,,,,,,,,,,,
Daimler Truck Holding AG,,Daimler_Truck_Logo.svg,250px,,Stuttgart_Daimler_Untertuerkeim.jpg,250px,Daimler Truck AG facilities,[[public company|Public]],{{fwb|DTG|isin|=|DE000DTR0CK8}} <br>[[DAX]] component,,,,Worldwide,Martin Daum (Chairman),[[Automotive]],"{{flatlist|
* [[Truck]]s
* [[Bus]]es}}",,,,,,,"{{plainlist|
* [[Daimler Truck North America]] 
* [[Daimler India Commercial Vehicles|Daimler India]]}}","{{Start date and age|df|=|yes|2019|11|01}} <br />[[Stuttgart]], Germany",{{URL|https://www.daimlertruck.com/en|daimlertruck.com}},Daimler Truck,,{{ISIN|sl|=|n|pl|=|y|DE000DTR0CK8}},[[Mercedes-Benz Group|Daimler AG]]'s heavy commercial vehicle operations,,,,,,,,,,,,,"[[Leinfelden-Echterdingen]], Germany",[[financial services|Financial]],,,,"{{plainlist|
* [[Mercedes-Benz Group]] (30.01%)|ref| name=spun|[https://www.daimlertruck.com/investors/services/fragen-und-antworten-spin-off/ Why did Daimler spin off the Daimler Truck business? What does spin-off mean?] on DaimlerTruck|</ref>|
* [[BAIC]] (6.49%)
* [[Kuwait Investment Authority]] (5.01%)
* Mercedes-Benz Pension Trust (4.99%)}} * [[BAIC]] (6.49%)
* [[Kuwait Investment Authority]] (5.01%)
* Mercedes-Benz Pension Trust (4.99%)",[[Mercedes-Benz]],,,,,,,,,,,,,,,,,,,
Deutsche Bank AG,,[[File:Deutsche Bank logo.svg|frameless|220px|upright=0.6|class=skin-invert]],,,Deutsche Bank Taunusanlage.jpg,,"[[Deutsche Bank Twin Towers]] in [[Frankfurt]], Germany",[[Public company|Public]],"{{plainlist|
*|FWB|DBK|
*|NYSE|DB|
*[[DAX]] component}} {{FWB|DBK}} * {{NYSE|DB}} *[[DAX]] component",,,,,"{{ubl|
*[[Christian Sewing]] ([[Chief executive officer|CEO]])|ref|{{Cite news |last=Ewing |first=Jack |date=8 April 2018 |title=Deutsche Bank Replaces C.E.O. Amid Losses and Lack of Direction |work=[[The New York Times]] |url=https://www.nytimes.com/2018/04/08/business/deutsche-bank-ceo.html?partner=rss&emc=rss |access-date=8 April 2018}}|</ref>|
*[[Alexander Wynaendts]] (chairman of supervisory board)|ref| name=""Annual Report 2023""|{{Cite web|url=https://investor-relations.db.com/files/documents/annual-reports/2024/Annual-Report-2023.pdf|title=Annual Report 2023 |publisher=Deutsche Bank |access-date=16 March 2024}}|</ref>}} *[[Alexander Wynaendts]] (chairman of supervisory board)",[[Financial services]],{{ubl | [[Asset management]] | [[Banking]] | [[Commodities]] | [[Credit card]]s | [[Equities trading]] | [[Insurance]] | [[Investment management]] | [[Mortgage loan]]s | [[Private equity]] | [[Wealth management]]}},{{increase}} €31.5&nbsp;billion (2024),{{decrease}} €6.70&nbsp;billion (2024),{{decrease}} €4.48&nbsp;billion (2024),{{increase}} €1.391&nbsp;trillion (Q3 2025),{{increase}} €68.7&nbsp;billion (2024),"89,753 (2024)",,{{start date and age|1870|03|10|df|=|y|br|=|y}},{{URL|db.com}},Deutsche Bank,,{{ISIN|sl|=|n|pl|=|y|DE0005140008}},,,[[Deutsche Bank Twin Towers]],,,,,,,,,,"{{Plainlist|
*[[Ludwig Bamberger]]
*[[Adelbert Delbrück]]}}",,,{{increase}} €1.01&nbsp;trillion (2024),,,,,,[[Frankfurt]],Germany,,,,,,,,,,,,,,,,
Deutsche Börse AG,,Deutsche Börse.svg,200px,,Deutsche-boerse-parkett-ffm001.jpg,260px,{{Lang|de|Deutsche Börse|italic|=|no}} trading floor in [[Frankfurt]],[[Public company|Public]] ( {{Lang|de|[[Aktiengesellschaft]]}} ),{{ubl|FWB|DB1|[[DAX]] component}} {{FWB|DB1}},,,,,{{ubl|[[Stephan Leithner]] ([[chief executive officer|CEO]])|[[Joachim Faber]] ([[chairman]] of the [[supervisory board]])}},[[Finance]],,{{increase}} {{€|5.829 billion|link|=|yes}} (2024),{{increase}} €2.9 billion (2024),{{increase}} €1.949 billion (2024),{{decrease}} €222.112 billion (2024),{{increase}} €11.259 billion (2024),"15,835 ([[full-time equivalent|FTE]], mid 2025)","[[360T]], [[Frankfurt Stock Exchange]], [[Clearstream]], [[Xetra (trading system)|Xetra]], [[Eurex]], [[STOXX]], [[Qontigo]]",{{Start date and age|1992}},,Deutsche Börse,,,,,,,,,,,,,,,,"[[Frankfurt am Main]], [[Germany]]","[[Equity trading]] platforms, [[Derivative (finance)|derivatives]] [[Financial market|markets]], [[Clearing (finance)|clearing]], [[market data]]",,,,,,,,,,,,,,,{{URL|https://deutsche-boerse.com/dbg-en/|deutsche-boerse.com}},,,,,,,,,
Post & Parcel Germany division,,Logo Deutsche Post 2019.svg,220px,"Logo used since 2019. Before 2019, the {{lang|de|italic|=|no|""Deutsche Post""}} wordmark used the [[Frutiger (typeface)|Frutiger typeface]].",,,,[[Division (business)|Division]],,,,,,,,,,,,,,"{{Circa}} 187,000 (2024)",,{{start date and age|1995}},{{URL|https://www.deutschepost.de/en/home.html|deutschepost.de}},Deutsche Post,,,{{lang|de|italic|=|no|[[Deutsche Bundespost]]}},,,,,,,,,,,,,"[[Bonn]], Germany","domestic [[mail]], [[post office]]s",,,,,"{{lang|de|italic|=|no|Deutsche Post}} , [[DHL]]",,,,"13,000 [[post office]]s (2024)",,,,,,,[[DHL Group]],,,,,,,,
Deutsche Telekom AG,,Deutsche Telekom 2022.svg,80px,Official logo since 2022,Deutsche Telekom Zentrale Bonn.jpg,250px,Headquarters in Bonn,[[Public company|Public]],{{FWB|DTE}} <br />[[DAX|DAX Component]],,,,Worldwide; mainly Germany and the US,{{ubli|[[Timotheus Höttges]]<br />([[Chief executive officer|CEO]])|[[Frank Appel]]<br />([[chairman]] of the [[supervisory board]])}},[[Telecommunications industry|Telecommunications]],{{ubl|[[Landline|Fixed-line]]|[[Mobile telephony]]|[[Broadband]]|[[Digital television]]|[[Digital media]]|[[Information technology|IT]] services}},{{Decrease}} [[Euro|€]]112.0 billion (2023),{{Increase}} €33.8 billion (2023),{{increase}} €9.0 billion (2023),{{Decrease}} €290.3 billion (2023),{{Increase}} €91.2 billion (2023),"205,000 (2023)","{{collapsible list
 | [[T-Systems|T-Systems International GmbH]]
 | [[Telekom Deutschland|Telekom Deutschland GmbH]]
 | [[T-Mobile US]] (51.4%)
 | [[Magenta Telekom]]
 | [[T-Mobile Polska]]
 | [[T-Mobile Czech Republic]]
 | [[Slovak Telekom]]
 | [[Magyar Telekom]] (59%)
 | [[Hrvatski Telekom]] (53.5%)
 | [[OTE]] (53.45%)
 | [[Makedonski Telekom]]
 | [[Crnogorski Telekom]]}}",{{Start date and age|1995|1|1|df|=|yes}},{{Official URL}},Deutsche Telekom,,,{{Lang|de|[[Deutsche Bundespost]]|italic|=|no}},,,,,,,,[[Germany|Federal Republic of Germany]] (31.9%)<br>[[Public float]] (68.1%),,,,,,,,,,,,,[[Bonn]],Germany,,,,,,,,,skin-invert,"{{Infobox NSP
| child |=| yes
| asn |=| 3320
| trafficlevels|=| 50+ terabits |ref|{{cite web |title=AS3320 - Deutsche Telekom - PeeringDB |url=https://www.peeringdb.com/asn/3320 |website=PeeringDB |access-date=29 September 2025}}|</ref>|}}",,,,,,
E.ON SE,,Logo E.ON.svg,,,EON-Ruhrgas-Zentrale Essen.jpg,,"E.ON's corporate headquarters in [[Essen]], Germany",[[Public company|Public]],{{FWB|EOAN}} <br />[[DAX|DAX Component]],,[[Essen]],Germany,Europe<br />United States,[[Leonhard Birnbaum]] ([[Chief executive officer|CEO]] and [[chairman]] of the executive board)<br />[[Karl-Ludwig Kley]] ([[chairman]] of the [[supervisory board]]),[[Electric utility]],Electrical power<br />natural gas,{{increase}} {{Euro|115.66&nbsp;billion|link|=|yes}} (2022),{{decrease}} {{Euro|2.242&nbsp;billion}} (2022),{{increase}} {{Euro|2.728&nbsp;billion}} (2022),{{increase}} {{euro|134.009&nbsp;billion}} (2022),{{increase}} {{euro|21.867&nbsp;billion}} (2022),"69,378 (2022)",E.ON Ruhrgas<br />[[E.ON UK]]<br />[[E.ON Sverige]],{{Start date and age|df|=|yes|2000}},{{URL|www.eon.com}},E.ON,,,{{unbulleted list|[[VEBA]]|VIAG|[[PreussenElektra]]}},,,,,,,,,,,,,,"[[Electricity generation]] and [[electricity distribution|distribution]]<br />natural gas [[hydrocarbon exploration|exploration]], [[energy production|production]], transportation and distribution",,,,,,,,,,,,,,,,,,,E.ON AG (2000-2012),,,,,
Fresenius Medical Care AG & Co. KGaA,,Fresenius Medical Care.svg,235px,,,,,[[KGaA]] with [[Aktiengesellschaft]] as partner with unlimited liability,{{FWB|FME}} <br /> {{FWB|FMEA}} ([[American Depositary Receipt|ADR]])<br /> {{OTC Pink|type|=|current|FMCQF}} <br /> {{NYSE|FMS}} ([[American Depositary Receipt|ADR]])<br />[[DAX]] component (FME),,,,,"Helen Giza ([[CEO]], Chair of the management board and acting [[CFO]])<BR>Dieter Schenk ([[Chairman]] of the [[supervisory board]])",[[Health care]],"[[Kidney dialysis|Dialysis]] products and services, Therapeutic Apheresis Products",[[€]]19.40 billion (2022),€1.51 billion (2022),€0.67 billion (2022),"€34,367 million (2021)","€13,979 million (2021)","128,000 (2022)",,{{start date and age|1996}},{{URL|https://www.freseniusmedicalcare.com/en/home/}},Fresenius Medical Care,,{{ISIN|sl|=|n|pl|=|y|DE0005785802}} <br /> {{ISIN|sl|=|n|pl|=|y|US3580291066}},,,,,,,,,[[Fresenius (company)|Fresenius]] (32%),,,,,"[[Bad Homburg vor der Höhe]], [[Germany]]


[[Waltham, Massachusetts]]",,,,,,,,,,,,,,,,,,,,,,,,,
Hannover Rück SE,,Hannover RE Logo 2024.svg,230px,,HannRueck 0098 m.jpg,,Company headquarters in Hannover,[[Public company|Public]] (''[[Societas Europaea]]''),{{FWB|HNR1}} <br/> {{FWB|HNRB}} ([[American Depositary Receipt|ADR]])<br/> {{OTC Pink|type|=|current|HVRRF}} <br/> {{OTC Pink|type|=|current|HVRRY}} ([[American Depositary Receipt|ADR]])<br/>[[DAX]] component (HNR1),,,,,"*Clemens Jungsthöfel ([[chief executive officer|CEO]])
* Sven Althoff
* Claude Chèvre
* Christian Hermelingmeier
* Brona Magee * Sharon Ooi
* Silke Sehm
* Thorsten Steinmann * Torsten Leue ([[Chairman]] of the [[supervisory board]])",Insurance services,[[Reinsurance]],"[[Euro|€]] 24.5 billion <small>(Reinsurance revenue, 2023)</small>",,,,,"3,756",,{{start date and age|1966}},[https://www.hannover-re.com www.hannover-re.com],Hannover Re,,{{ISIN|sl|=|n|pl|=|y|DE0008402215}} <br/> {{ISIN|sl|=|n|pl|=|y|US4106931052}},,,,,,,,,[[Talanx]] (50.2 %),,,,,"[[Hanover|Hannover]], [[Germany]]",,,,,,,,,,,,,,,,,,,,,Company headquarters in Hannover,,,,
Heidelberg Materials,,,250px,,,,,[[Aktiengesellschaft]],{{FWB|HEI}} <br />[[DAX|DAX component]],Johann Philipp Schifferdecker,,,,Dr. Dominik von Achten <small>([[chief executive officer|CEO]] and chairman of the managing board) </small><br />Dr. Bernd Scheifele <small>([[Chairman]] of the [[supervisory board]])</small>,[[Building material]]s,"[[Cement]], [[construction aggregate|aggregates]], [[ready-mix concrete|concrete]], [[Asphalt concrete|asphalt]]","{{decrease}} €21,156 million <small>(2024)</small>","{{decrease}} €2,780 million<small> (2024)</small>","{{decrease}} €1,746 million <small>(2024)</small>","{{increase}} €38,255 million <small>(2024)</small>","{{increase}} €19,975 million <small>(2024)</small>","{{decrease}} 51,000 <small>(2023)</small>",,1874,https://www.heidelbergmaterials.com/en,Heidelberg Materials,,,,,,,,,,,,,,,,"[[Heidelberg]], [[Germany]]",,,,,,,,,,,,,,,,,,,,,,,,,
Henkel AG & Co. KGaA,,Henkel-Logo.svg,200px,,Henkel Düsseldorf HolthausenP8190172.JPG,,"Henkel's headquarters in [[Düsseldorf]], Germany",[[Public company|Public]],{{FWB|HEN}} ([[Common shares]])<br /> {{FWB|HEN3}} ([[Preference shares]])<br />[[DAX]] compoment (HEN3),[[Friedrich Karl Henkel]],[[Düsseldorf]],Germany,Worldwide,"Carsten Knobel ([[Chief executive officer|CEO]] and chairman of the executive board), [[Simone Bagel-Trah]] ([[chairwoman]] of the Shareholders' Committee & [[Supervisory Board]])",[[Fast-moving consumer goods|Consumer goods]],"[[laundry]] and [[cleaning agent|cleaning]] products, [[beauty care]], [[adhesive]]s and [[sealant]]s",{{increase}} [[Euro|€]]21.586&nbsp;billion (2024),{{increase}} €2.831&nbsp;billion (2024),{{increase}} €2.032&nbsp;billion (2024),{{decrease}} €17.534&nbsp;billion (2024),{{increase}} €7.367&nbsp;billion (2024),"47,150 (2024)",[[Henkel North American Consumer Goods]],{{start date and age|1876|9|26|df|=|y}},{{URL|https://www.henkel.com/|henkel.com}},Henkel,,,,,,,,,,,,,,,,,,,,,,,,,,,,,,,,,,,,,,,,,
Infineon Technologies AG,,Infineon-Logo.svg,,,Campeon Luftbild.JPG,,"Infineon's headquarters ""Campeon"" in Neubiberg",[[Public company|Public]],{{Ubl|FWB|IFX|isin|=|DE0006231004|[[DAX]] component}} {{FWB|IFX|isin|=|DE0006231004}},,[[Neubiberg]],Germany,,"{{Unbulleted list
   | Jochen Hanebeck ([[Chief executive officer|CEO]] and [[Chairman]] of the executive board) |ref|{{cite news |title=Chipmaker Infineon ready to spend billions on acquisitions – CEO |url=https://www.reuters.com/technology/infineon-ready-spend-billions-acquisitions-ceo-2022-12-28/ |access-date=13 October 2023 |work=Reuters |date=28 December 2022 }}|</ref>|
   | Herbert Diess (Chairman of the [[supervisory board]])|ref|{{cite web |url=https://www.infineon.com/dgdl/CV-Dr.-Herbert-Diess-deutsch.pdf?fileId=8ac78c8b85ecb0c401865b575dc000b8 |title=Dr. Herbert Diess |date=17 February 2023 |access-date=1 December 2024 }}|</ref>|}}",[[Semiconductor industry|Semiconductor]],"{{unbulleted list
   | [[Microcontroller]]s
   | [[Telecommunication]]s
   | [[Integrated circuit]]s
   | [[Power electronics]]
   | [[Transient-voltage-suppression diode]]s}}",{{Decrease}} {{€|14.662&nbsp;billion|link|=|yes}} (2025),{{Decrease}} {{€|1.515&nbsp;billion}} (2025),{{Decrease}} {{€|1.015&nbsp;billion}} (2025),{{Increase}} {{€|30.47&nbsp;billion}} (2025),{{Decrease}} {{€|17.051&nbsp;billion}} (2025),"57,077 (2025)",,{{start date and age|df|=|yes|1999|04|01}},{{URL|https://www.infineon.com/|infineon.com}},Infineon Technologies,1.1,,,,,,,,,,,,{{Unbulleted list|Automotive|Green Industrial Power|Power & Sensor Systems|Connected Secure Systems}},,,,,,,,,,,,,,,,,,,,,,,,,1.0,,,
Mercedes-Benz Group AG,"{{ubl
|Daimler-Benz AG (1926–1998)
|DaimlerChrysler AG (1998–2007)
|Daimler AG (2007–2022)}}",[[File:Mercedes-Benz Group black.svg|frameless|class=skin-invert]],250px,,Stuttgart-Untertuerkheim-DC-Zentrale.jpg,250px,"Central headquarters in Mercedes-Benz complex Untertürkheim, Stuttgart",[[Public company|Public]],{{Unbulleted list|FWB|MBG|[[DAX]] component}} {{FWB|MBG}},,[[Stuttgart]],Germany,Worldwide,{{unbulleted list|[[Ola Källenius]] (chairman of the management board)|[[Martin Brudermüller]] (chairman of the supervisory board)}},[[Automotive industry|Automotive]],"[[Automobile]]s, [[commercial vehicle]]s",{{decrease}} €145.6&nbsp;billion (2024),{{decrease}} €13.60&nbsp;billion (2024),{{decrease}} €10.41&nbsp;billion (2024),{{increase}} €265.0&nbsp;billion (2024),{{increase}} €93.63&nbsp;billion (2024),"{{increase}} 175,264 (2024)","{{Collapsible list|title|=|List|
'''Transportation'''
* [[Mercedes-Benz Mexico]]
* [[Cooperation Manufacturing Plant Aguascalientes|COMPAS]] (50%)
* [[Beijing Benz]] (49%)
* [[Fujian Benz]] (34%)
* [[Mercedes-Benz India]]
* [[Smart (marque)|Smart]] (50%)
* Mercedes-Benz Cars Middle East
* [[Manufacturing Commercial Vehicles]]
'''Motorsports'''
* [[Mercedes-Benz in Formula One|Mercedes-AMG Petronas Formula One Team]] (33.3%)
'''Engines'''
* Engine Holding
'''Finances'''
* [[Mercedes-Benz Mobility]]
** [[Mercedes-Benz Bank]]
** Mercedes-Benz Financial
'''Other'''
* [[Here (company)|Here]]}}",{{start date and age|df|=|yes|1926|6|28}} (original foundation of Daimler-Benz)<br /> {{start date and age|df|=|yes|2007|8|3}} (foundation of Daimler AG),{{URL|group.mercedes-benz.com}},Mercedes-Benz Group,,,,,,,,,,,,,,,[[Carl Benz]]<br>[https://de.wikipedia.org/wiki/Wilhelm%20Kissel Wilhelm Kissel] <br>[[Emil Georg von Stauß]] {{sfn|Reuss|Esslinger|2023|p|=|88}},,,,"{{plain list|
* [[Benz & Cie.]] (1883–1926)
* [[Daimler Motoren Gesellschaft]] (1890&ndash;1926)}}",{{decrease}} 2.389 million (2024 sales),"{{unbulleted list |Institutional investors (52.7%)|Private shareholders (22.8%)|[[BAIC Group]] (9.98%)|ref|{{cite web |title=Daimler welcomes commitment by long-term partner BAIC |url=https://www.daimler.com/company/news/211213-baic.html |website=Mercedes-Benz Group |access-date=8 February 2022 |archive-date=16 January 2022 |archive-url=https://web.archive.org/web/20220116190514/https://www.daimler.com/company/news/211213-baic.html |url-status=dead }}|</ref>|Tenaciou3 Prospect Investment Limited ([[Li Shufu]]) (9.7%)|ref| name=""auto1""|{{cite web | url=https://group.mercedes-benz.com/investors/share/shareholder-structure/ | title=Shareholder Structure }}|</ref>|[[Kuwait Investment Authority]] (6.8%)}}","{{plainlist|
* [[Mercedes-Benz]]
* [[Mercedes-EQ]]
* [[Mercedes-Maybach]]
* [[Mercedes-AMG]]
* [[Smart (marque)|Smart]]}}",,,,,,,,,,,,,,,,,,,
MTU Aero Engines AG,,MTU Aero Engines Logo.svg,,,MTU Headquaters Munich.jpg,,MTU Aero Engines Headquarters in [[Munich]],[[Aktiengesellschaft]],{{FWB|MTX}} <br />[[DAX|DAX Component]],,,,,Lars Wagner ([[chief executive officer|CEO]]) <br> Gordon Riske ([[Chairman]] of the [[supervisory board]]),"[[Aerospace manufacturer|Aerospace]], [[Defense contractor|defence]]","Production and [[Maintenance, repair, and operations|maintenance]] of [[Civil aviation|civil]] and [[Military aviation|military]] [[aircraft engine]]s; industrial [[gas turbine]]s",{{Increase}} €4.628 billion (2019),{{Increase}} €706 million (2019),{{Increase}} €488 million (2019),{{Increase}} €7.765 billion (31 December 2019),{{Increase}} €2.421 billion (31 December 2019),"{{Increase}} 10,660 (31 December 2019)",[[Vericor Power Systems]],{{Start date and age|df|=|yes|1934|12|22}},{{URL|http://mtu.de/en}},MTU Aero Engines,,,[[BMW|BMW Flugmotorenbau GmbH]],,,,,,,,,,,,,"[[Munich]], [[Germany]]",,,,,,,,,,,,,,,,,,,,,,,,,
Munich Re Group,,Munich Re.svg,,,,,,''[[Aktiengesellschaft]]'',{{FWB|MUV2}} <br />[[DAX|DAX Component]],,,,Worldwide,"[https://www.munichre.com/en/group/company/board-of-management/members/curriculum-vitae/curriculum-vitae-wenning/index.html Joachim Wenning] (chairman of the Board of Management), [[Nikolaus von Bomhard]] ([[chairman]] of the [[supervisory board]])",[[Financial services]],{{ubl|[[Insurance]] |[[General insurance]] |[[Health insurance]] |[[Vehicle insurance]] |[[Travel insurance]] |[[Home insurance]] |[[Life insurance]] | [[Reinsurance]] |[[Mortgage loan]]s |[[Investment management]] | [[Asset management]]}},€67.1 billion (2022),€3.58 billion (2022),€3.41 billion (2022),€298.5 billion (2022),€21.2 billion (2022),"41,389 (2022)",[[Ergo Group]]<br>[https://de.wikipedia.org/wiki/MEAG MEAG]<br>[[HDFC ERGO General Insurance Company]],,{{url|https://www.munichre.com/}},Munich Re,,,,{{start date and age|1880|04|03|df|=|y}},,,,,,,,,,,,"[[Munich]], Germany",,,,,,,,,,,,,,,,,,,,,,,Munich Re,''Münchener Rückversicherungs-Gesellschaft Aktiengesellschaft in München'',
Dr. Ing. h.c. F. Porsche AG,,Porsche Logo 2024.png,100,,Porsche headquarter Stuttgart-Zuffenhausen Werk II.jpg,,Headquarters in Stuttgart,[[Public company|Public]] (''[[Aktiengesellschaft]]''),{{FWB|P911|isin|=|DE000PAG9113}} <br />[[DAX]] component,,,,Worldwide,"{{plainlist|
* [[Wolfgang Porsche]] (chairman)
* [[Oliver Blume]] ([[Chief executive officer|CEO]])|ref|{{Cite web|url=https://www.porsche.com/usa/aboutporsche/overview/executiveboard/|title=The Board of Management of Porsche AG - All BOM members - Porsche USA|website=Porsche HOME - Porsche USA|access-date=21 May 2021|archive-date=18 April 2022|archive-url=https://web.archive.org/web/20220418194102/https://www.porsche.com/usa/aboutporsche/overview/executiveboard/|url-status=dead}}|</ref>}}",[[Automotive industry|Automotive]],[[Automobile]]s,{{decrease}} €40.083 billion (2024),{{decrease}} €5.637 billion (2024),{{decrease}} €3.595 billion (2024),{{increase}} €53.527 billion (2024),{{increase}} €23.056 billion (2024),"42,615 (2024)",{{unbulleted list|[[Porsche Design]]|[[Porsche Engineering]]|[[MHP Management- und IT-Beratung]]|[[Bugatti Rimac]] (45%)}},"{{Start date and age|df|=|yes|1931}} in [[Stuttgart]], [[Weimar Republic|Germany]]",{{URL|https://www.porsche.com}},Porsche,,{{ISIN|sl|=|n|pl|=|y|DE000PAG9113}},,,,,,,,,,,,,"{{Plainlist|
*  [[Ferdinand Porsche]]
* [[Anton Piëch]]
* [[Adolf Rosenberger]]|ref| name=""DeJong""|ref| name=""Klawitter""|ref|Wolfram Pyta, Nils Havemann und Jutta Braun: ''Porsche. Vom Konstruktionsbüro zur Weltmarke.'' Siedler, München 2017, ISBN 978-3-8275-0100-4, S. 37.|</ref>|}}","Stuttgart, Germany","Automotive [[financial services]], engineering services, investment management",,,"{{decrease}} 302,750 vehicles (2024)","{{unbulleted list|[[Volkswagen Group|Volkswagen AG]] (75.4%)|[[Porsche SE]] (12.5%)|[[Qatar Investment Authority|QIA]] (2.5%)|ref| name="":1""}}",,,,,,,,,,,,,,,,,,,,
Porsche Automobil Holding SE,"{{plainlist|
* Dr. Ing. h.c. F. Porsche GmbH (1931–1972)
* ""Old"" [[Porsche|Dr. Ing. h.c. F. Porsche AG]] (1972–2007)}}",[[File:Porsche_SE_Logo.svg|frameless|class=skin-invert]],,,Porsche headquarter Stuttgart-Zuffenhausen Werk II.jpg,250px,"Porsche headquarters in [[Stuttgart]], Germany",[[Public company|Public]] (''[[Societas Europaea]]''),{{fwb|PAH3}} <br>[[DAX]] component,[[Ferdinand Porsche]],,,Worldwide,"{{plainlist|
* [[Wolfgang Porsche]] (chairman of the supervisory board)|ref|{{cite web|url=https://www.porsche-se.com/en/company/supervisory-board|title=Porsche SE supervisory board}}|</ref>|
* [[Hans Dieter Pötsch]] (chairman of the executive board)|ref|{{cite web|url=https://www.porsche-se.com/en/company/executive-board|title=Porsche SE board of management}}|</ref>}} * [[Hans Dieter Pötsch]] (chairman of the executive board)",[[Holding company]],,,,{{increase}} €824 million (2021),{{increase}} €42.533 billion (2021),{{increase}} €42.196 billion (2021),53 (2024),"{{plainlist|
* [[Volkswagen Group]] (31.9% of equity, 53.3% of voting power)
* [[Porsche|Porsche AG]] (12.5% of equity, 25% of voting power)}}",,{{URL|https://www.porsche-se.com/en/|www.porsche-se.com}},Porsche SE,,{{ISIN|sl|=|n|pl|=|y|DE000PAH0038}},,{{Start date and age|1931}},,,,,,,"[[Porsche–Piëch family]] (50% of equity, 100% of voting power) {{efn|There are two classes of Porsche Automobil Holding SE shares. Half is ordinary shares with voting power, and the other half is preferred shares without voting power. The Porsche–Piëch family owns 100% of the ordinary shares as of the end of 2013. The preferred shares, which are not owned by the family, are traded publicly.|name|=|own}}",,,,,"[[Stuttgart]], Germany","Automotive [[financial services]], engineering services, investment management",,,,,,,,,,,,,,,,,,,,,,Porsche SE,,
QIAGEN N.V.,,[[Image:Qiagen.svg|130px]],,,,,,[[Public company|Public]] (''[[Naamloze vennootschap]]''),{{Unbulleted list|NYSE|QGEN|FWB|QIA|[[Russell 1000]] component|[[DAX]] component}} {{NYSE|QGEN}} {{FWB|QIA}},,,,,{{Unbulleted list|Thierry Bernard (CEO)| Lawrence A. Rosen (chairman of supervisory board)}},[[Biotechnology]],,{{decrease}} {{US$|1.97 billion|link|=|yes}} (2023),{{decrease}} {{US$|410 million}} (2023),{{decrease}} {{US$|341 million}} (2023),{{decrease}} {{US$|6.12 billion}} (2023),{{increase}} {{US$|3.81 billion}} (2023),"5,967 (2023)",,{{start date and age|1984|11|29}},,Qiagen,,{{ISIN|sl|=|n|pl|=|y|NL0015001WM6}},,,,,,,,,,,,,{{Unbulleted list|Metin Colpan| Karsten Henco| Jürgen Schumacher}},"{{Unbulleted list|[[Venlo]], Netherlands (corporate) |[[Hilden]], Germany (operational)}}",,,,,,,,,,,,,,,,{{URL|qiagen.com}},,,,,,,,,
Rheinmetall AG,,Rheinmetall Logo 2021.svg,220px,,Rheinmetall Zentrale Düsseldorf.jpg,,Rheinmetall's head office in Düsseldorf,[[Public company|Public]] ( {{lang|de|[[Aktiengesellschaft]]}} ),"{{Unbulleted list
  | |FWB|RHM|
  | |FWB|RHMB| ([[American Depositary Receipt|ADR]])
  | |OTC Pink|type|=|current|RNMBF|
  | |OTC Pink|type|=|current|RNMBY| ([[American Depositary Receipt|ADR]])
  | [[DAX]] component (RHM)}} {{FWB|RHM}} {{FWB|RHMB}} ([[American Depositary Receipt|ADR]]) {{OTC Pink|type|=|current|RNMBF}} {{OTC Pink|type|=|current|RNMBY}} ([[American Depositary Receipt|ADR]])",[[Lorenz Zuckermandel]],,,,"{{Unbulleted list
  | [[Armin Papperger]] (CEO and chairman of the [[executive board]])
  | [[Ulrich Grillo]] (Chairman of the [[supervisory board]])}}",[[Arms industry|Defence]],"[[Automotive parts]], [[military vehicle]]s, [[autocannon]]s, [[ATGMs]], [[anti-aircraft defence system]]s, artillery, mortars, tank guns, munitions, [[ammunition]], [[fuze]] systems, electronics, [[naval ships]]",{{increase}} {{€|9.751}} &nbsp;billion (2024),{{increase}} {{€|1.478}} &nbsp;billion (2024),{{increase}} {{€|808}} &nbsp;million (2024),{{increase}} {{€|14.344}} &nbsp;billion (end 2024),{{increase}} {{€|4.465}} &nbsp;billion (end 2024),{{increase}} 40.000 (2025),"{{Unbulleted list
  | [[Rheinmetall BAE Systems Land]] (55%)
  | [[Rheinmetall MAN Military Vehicles]] (51%)
  | [[Blohm+Voss]]}}",{{start date and age|df|=|yes|1889|4|13}},{{Official URL}},Rheinmetall,,{{ubl|ISIN|sl|=|n|pl|=|y|DE0007030009|ISIN|sl|=|n|pl|=|y|US76206K1079}} {{ISIN|sl|=|n|pl|=|y|DE0007030009}} {{ISIN|sl|=|n|pl|=|y|US76206K1079}},,,,,,,,,,,,,,,,,,,,,,[[Düsseldorf]],Germany,,,,,,,,,,,,,,,,
RWE AG,,RWE Logo 2020.svg,125px,,,,,[[Aktiengesellschaft]],{{FWB|RWE}} <br /> {{FWB|RWEA}} ([[American depositary receipt|ADR]])<br />[[DAX]] component (RWE),,,,"Asia-Pacific
Europe
United States","[[Markus Krebber]] <small>(President and [[chief executive officer|CEO]])</small>, Dr. Frank Appel <small>([[Chairman]] of the [[supervisory board]])</small>",[[Electricity generation]],[[Electricity]],€29.8 billion (2024),€1.267 billion (2019),€5.14 billion (2024),€39.846 billion (2019),€5.738 billion (2019),"19,792 (2019)",,,{{URL|https://www.group.rwe/en}},RWE,,{{ISIN|sl|=|n|pl|=|y|DE0007037129}},,,,,,,,,[[Qatar Investment Authority]] (9.09%),,,,,"[[Essen]], Germany",,,,,,,,,,,,,,,,,,,,,,,,,
SAP SE,,SAP 2011 logo.svg,,,,,,[[Public company|Public]],{{Unbulleted list|FWB|SAP|FWB|SAPA| ([[American Depositary Receipt|ADR]])|NYSE|SAP| ([[American Depositary Receipt|ADR]])|[[DAX]] component}} {{FWB|SAP}} {{FWB|SAPA}} ([[American Depositary Receipt|ADR]]) {{NYSE|SAP}} ([[American Depositary Receipt|ADR]]),,"[[Walldorf]], [[Baden-Württemberg]]",Germany,Worldwide,"{{Unbulleted list|[[Pekka Ala-Pietilä]] ([[chairman]]|ref| name=""supervisory_board""|{{cite web|url=https://www.sap.com/investors/en/governance/supervisory-board.html|title=Supervisory Board SAP SE |publisher=SAP SE |access-date=19 May 2024}}|</ref>|)|[[Christian Klein]] ([[Chief executive officer|CEO]])}} )",{{Unbulleted list|[[Enterprise software]]|[[Business software]]|[[Cloud computing]]|[[Consulting]]}},{{hlist|SAP AppGyver|[[SAP S/4HANA]] |[[SAP HANA]] |[[SAP ERP]] |[[SAP CRM]] |[[SAP PLM]] |[[SAP SCM]] |[[SAP SRM]] |[[SAP SuccessFactors]] |[[SAP NetWeaver]] |[[SAP Business ByDesign]] |[[SAP Business One]] |[[BusinessObjects]] | [[SAP IQ]] |[[SAP Ariba]] |[[ABAP]] |[[SAP Cloud Platform]] |[[SAP Converged Cloud]] |('''[[List of SAP products|Full list]]''')}},{{Increase}} [[Euro|€]]34.18&nbsp;billion (2024),{{Decrease}} €4.665&nbsp;billion (2024),{{Decrease}} €3.150&nbsp;billion (2024),{{Increase}} €74.12&nbsp;billion (2024),{{Increase}} €45.81&nbsp;billion (2024),"109,973 (2024)",,"{{start date and age|1972}} in [[Weinheim]], [[West Germany]]",{{URL|https://www.sap.com/|sap.com}},SAP,,{{Unbulleted list|ISIN|sl|=|n|pl|=|y|DE0007164600|ISIN|sl|=|n|pl|=|y|US8030542042}} {{ISIN|sl|=|n|pl|=|y|DE0007164600}} {{ISIN|sl|=|n|pl|=|y|US8030542042}},,,,,,,,,,,,,{{Unbulleted list|[[Dietmar Hopp]]|Hans-Werner Hector|[[Hasso Plattner]]|[[Klaus Tschira]]|[[Claus Wellenreuther]]}},,{{hlist|[[Application software|Applications]]|[[Cloud computing|Cloud]]}},,,,,,,,,,,,,,,,,,,,,,,,
Siemens AG,,Siemens AG logo.svg,,,"The Wings, Siemens HQ Munich, April 2017.jpg",,Headquarters in [[Munich]],[[Public company|Public]],{{ubl|FWB|SIE|[[DAX]] component}} {{FWB|SIE}},[[Werner von Siemens]],,,Worldwide,{{Unbulleted list|[[Roland Busch]] (CEO)|[[Jim Hagemann Snabe]] (chairman)}},[[Conglomerate (company)|Conglomerate]],"industrial automation, drive technology, building technology, energy technology, financial services, medical technology, mobility services, software",{{Increase}} €75.93&nbsp;billion (2024),{{Increase}} €11.23&nbsp;billion (2024),{{Increase}} €8.992&nbsp;billion (2024),{{Increase}} €147.8&nbsp;billion (2024),{{Increase}} €51.26&nbsp;billion (2024),"327,000 (2024)",,"{{Start date and age|df|=|yes|1847|10|01}} <br />[[Berlin]], [[Kingdom of Prussia]]",{{URL|https://www.siemens.com/|siemens.com}},Siemens,1.1,{{ISIN|sl|=|n|pl|=|y|DE0007236101}},,,,,,,,,[[Siemens family]] (6.9%),,"{{Plainlist|
* [[Siemens Digital Industries]]
* [[Siemens Smart Infrastructure]]
* [[Siemens Mobility]]
* [[Siemens Financial Services]]}}",,,"[[Munich]], Germany",,,{{Unbulleted list|[[Siemens & Halske]]|[[Siemens-Schuckert]]|[[Siemens-Reiniger-Werke]]}},,,,,,,,,,,,,,,,,,,1.1,,,
Siemens Energy AG,,Siemens Energy logo.svg,,,,,,''[[Aktiengesellschaft]]'',{{FWB|ENR}} <br/>[[DAX|DAX Component]],,,,,[[Joe Kaeser]]<br> {{small|(Chairman)}} <br>Christian Bruch<br> {{small|(Chief Executive Officer)}} <br>Maria Ferraro<br> {{small|(Chief Financial Officer)}} <br>Tim Holt<br> {{small|(Executive Vice President)}} <br>Anne-Laure de Chammard<br> {{small|(Executive Vice President)}} <br>Karim Amin<br> {{small|(Executive Vice President)}} <br>Vinod Philip<br> {{small|(Executive Vice President)}},[[Energy development]],,€34.5 billion (2024),€2.125 billion (2024),€1.335 billion (2024),€50.874 billion (2024),,"102,000 (2025)",[[Siemens Gamesa]],{{Start date and age|df|=|yes|2020|04|01}} <br />[[Munich]],{{URL|https://www.siemens-energy.com/}},Siemens Energy,,,,,,,,,,,,,"Gas Services, Grid Technologies, Transformation of Industry and Wind Power (Siemens Gamesa)",,,"[[Munich]], [[Germany]]",,,"{{plainlist|
* [[Siemens Energy Sector]]
* [[Siemens|Siemens Gas and Power]]}}",,"{{plainlist|
* [[Siemens|Siemens AG]] (6%)
* Siemens Pension-Trust (11%)
* [[Siemens family]] (3%)}}",,,,,,,,,,,,,,,,,,,,
Siemens Healthineers AG,,,,,,,,[[Public company|Public]] (''[[Aktiengesellschaft]]''),{{FWB|SHL}} <br/>[[DAX]] component,,[[Erlangen]],Germany,Worldwide,{{Unbulleted list|Bernd Montag ([[Chief executive officer|CEO]])|Jochen Schmitz ([[Chief financial officer|CFO]])}},Healthcare,"{{Plainlist|
* Angiography and interventional X-ray systems
* Computed tomography
* Radiation oncology
* Laboratory diagnostics
* Molecular diagnostics
* Molecular imaging
* Magnetic resonance imaging
* Point-of-care diagnostics
* Refurbished systems
* Syngo imaging software
* Ultrasound
* X-ray}}",{{Increase}} €21.7 billion (2022),{{Increase}} €2.927 billion (2022),{{Increase}} €2.054 billion (2022),{{Increase}} €33.614 billion (2022),{{Increase}} €19.852 billion (2022),"69,500 (2022)",,"{{Start date and age|df|=|yes|2017|12|1}} in [[Munich]], Germany",{{URL|https://www.siemens-healthineers.com/}},Siemens Healthineers,,{{ISIN|sl|=|n|pl|=|y|DE000SHL1006}},,,,,,,,,[[Siemens|Siemens AG]] (75%),,,,,,,,,,,,,,,,,,,,,,,,,,,,,,
Symrise AG,,Symrise_logo.svg,250px,,,,,[[Aktiengesellschaft]],{{FWB|SY1}} <br/> {{FWB|SY1U}} <br/>[[DAX]] component (SY1),,,,,"* Jean-Yves Parisot, [[chief executive officer|CEO]] and chairman of the executive board)
* Olaf Klinger
* Stephanie Coßmann
* Walter Ribeiro
* Michael König, ([[chairman]] of the [[supervisory board]])",[[Chemical industry|Chemicals]],[[Aroma compound|Flavors and fragrances]],{{increase}} {{Euro|4.99 billion|link|=|yes}} (2024),{{increase}} €718 million (2024),{{increase}} €478 million (2024),{{increase}} €8.325 billion (2024),{{increase}} €4.020 billion (2024),"12,955 (Dec 2024)",,{{start date and age|2003}},[http://www.symrise.com www.symrise.com],Symrise,,{{ISIN|sl|=|n|pl|=|y|DE000SYM9999}} <br/> {{ISIN|sl|=|n|pl|=|y|US87155N1090}},,,,,,,,,,,,,,"[[Holzminden]], [[Germany]]",,,,,,,,,,,,,,,,,,,,,,,,,
Volkswagen AG,,Volkswagen Group Logo 2023.svg,250,,Wolfsburg VWHochhaus.jpg,250,"Headquarters in [[Wolfsburg]], Germany",[[Public company|Public]],"{{FWB|VOW|isin|=|DE0007664005}} , {{FWB|VOW3|isin|=|DE0007664005}} <br />[[DAX]] component (VOW3)",[[German Labour Front]],"[[Wolfsburg]], [[Lower Saxony]]",Germany,Worldwide,[[Hans Dieter Pötsch]] (chairman of the supervisory board) <br>[[Oliver Blume]] (chairman of the board of management),[[Manufacturing]],"[[Car|Automobiles]], [[commercial vehicle]]s, [[internal combustion engine]]s, [[motorcycle]]s, [[turbomachinery]]",{{increase}} [[Euro|€]]324.656&nbsp;billion (2024),{{decrease}} €19.060&nbsp;billion (2024),{{decrease}} €12.394&nbsp;billion (2024),{{increase}} €632.905&nbsp;billion (2024),{{increase}} €196.731&nbsp;billion (2024),"{{increase}} 682,724 employees (average during 2024)",{{Collapsible list|title|=|'''Transportation''':|Sfn|Volkswagen AG|2012|pp|=|U60-U73|[[Traton]] (89.7%)<br>[[Porsche Holding]]<br>Volkswagen Marine}} {{Sfn|Volkswagen AG|2012|pp|=|U60-U73}} {{Collapsible list|title|=|'''Financial services''':|Lamborghini Financial Services<br>Bentley Financial Services<br>Volkswagen Financial Services AG<br>Volkswagen Leasing GmbH<br>Porsche Financial Services<br> Volkswagen Immobilien}} {{Collapsible list|title|=|'''Logistics''':|Volkswagen Group Fleet International<br>Volkswagen Group Supply<br>Volkswagen Air Service}} {{Collapsible list|title|=| '''Industrial''':|Volkswagen Industrial Motor}} {{Collapsible list|title|=|'''International''':|[[Volkswagen Group China]]<br>Volkswagen Group Japan<br>[[Škoda Auto Volkswagen India|Volkswagen Group India]]<br>[[Volkswagen Group of America]]<br>[[Volkswagen Argentina]]<br>[[Volkswagen Australia]]<br>Volkswagen Group Canada<br>Volkswagen Group Malaysia<br>[[Volkswagen de México]]<br>[[Volkswagen do Brasil]]<br>[[History of Volkswagen in Ireland|Volkswagen Group Ireland]]<br>Volkswagen Group Italia<br>[[Volkswagen of South Africa]]<br>Volkswagen Group Taiwan<br>Volkswagen Group United Kingdom Audi}},"{{Start date and age|1937|05|28|df|=|yes}} , in [[Berlin]], Germany",{{URL|volkswagen-group.com}},Volkswagen Group,,{{ISIN|sl|=|n|pl|=|y|DE0007664005}},,,,,,,,,,,,,,,"[[Banking]], [[financing]], [[fleet management]], [[insurance]], [[leasing]] {{Sfn|Volkswagen AG|2012|p|=|110}}",,,"{{decrease}} 9,030,000 (2024)","* [[Porsche SE]]: 31.9% of equity, 53.3% of votes ( {{as of|2024|12|31|lc|=|y|df|=|UK}} ) * [[Lower Saxony|State of Lower Saxony]]: 11.8% of equity, 20% of votes ( {{as of|2024|12|31|lc|=|y|df|=|UK}} ) * [[Qatar Investment Authority|QIA]]: 10.4% of equity, 17% of votes ( {{as of|2024|12|31|lc|=|y|df|=|UK}} )",{{Collapsible list|title|=|'''Automotive''':|Sfn|Volkswagen AG|2012|pp|=|U60-U73|[[Audi]]<br>[[Bentley]]<br>[[Bugatti]]<br>[[Cupra (marque)|Cupra]]<br>[[Ducati]]<br>[[Jetta (car brand)|Jetta]]<br>[[Lamborghini]]<br>[[Porsche]]<br>[[Scout Motors|Scout]]<br>[[SEAT]]<br>[[Škoda Auto|Škoda]]<br>[[Volkswagen|Volkswagen Cars]]}} {{Sfn|Volkswagen AG|2012|pp|=|U60-U73}} {{Collapsible list|title|=|'''Commercial''':|[[IC Bus]]<br>[[International Motors]]<br>[[MAN Truck & Bus]]<br>[[Scania AB|Scania]]<br>[[Volkswagen Commercial Vehicles|VW Commercial Vehicles]]<br>[[Volkswagen Caminhões e Ônibus|VW Truck & Bus]]}} {{Collapsible list|title|=|'''Design''':|[[Italdesign Giugiaro]]}},[[list of Volkswagen Group factories|100 production facilities across 27 countries]],,,,,,,,,,,,,,,,,,
Vonovia SE,Deutsche Annington,Vonovia Logo.svg,,,Vonovia-8665-HD.jpg,,Headquarters of Vonovia,[[Public company|Public]] (''[[societas Europaea]]''),{{FWB|VNA}} <br />[[DAX|DAX Component]],,,,,{{Unbulleted list|[[Rolf Buch]] ([[Chairman]] and [[Dominik Wagner]] [[Chief Executive Officer]])|[[Jürgen Fitschen]] (Chairman of the [[Supervisory Board]])}},[[Real estate]],,{{decrease}} €4.400 billion,,"{{increase}} €1,909.8 million","{{increase}} €58,910.7 million","{{increase}} €21,069.7 million","{{increase}} 10,345",{{Unbulleted list|BUWOG|Hembla Group|Victoria Park}},,,Vonovia,,DE000A1ML7J1,[[GAGFAH]],"{{Start date and age|2001}} in [[Düsseldorf]], Germany",,2020,,2020,2020,2019,,2019,,{{URL|https://reports.vonovia.de/2020/annual-report|Annual Report 2020}},,,,,,,,,,[[Bochum]],Germany,,,,,,,{{URL|vonovia.de}},,,,,,,,,{{Unbulleted list|Germany (84%)|Sweden (11%)|Austria (5%)}}
Zalando SE,,Zalando Logo 2024.svg,200px,,Zalando Headquarter.jpg,250px,Headquarters in Berlin,[[Public company|Public]] (''[[Societas Europaea]]''),{{Unbulleted list |FWB|ZAL| |[[DAX]] component}} {{FWB|ZAL}},,,,Europe,{{Unbulleted list |Robert Gentz (co-CEO) | David Schröder (co-CEO)}},[[E-commerce]],,{{increase}} €10.6&nbsp;billion (2024),{{increase}} €392&nbsp;million (2024),{{increase}} €251&nbsp;million (2024),{{increase}} €7.98&nbsp;billion (2024),{{increase}} €2.67&nbsp;billion (2024),"15,309 (2024)","Zalando Lounge GmbH, Zalando Payments GmbH, Zalando Marketing Services GmbH, Zalando Stores GmbH & Co. KG, Zalando Studios Berlin GmbH & Co. KG, Tradebyte Software GmbH, Anatwine Limited, Fision AG",{{Start date and age|2008|10}},,Zalando,,,,,,,,,,,,,,,{{Unbulleted list |Robert Gentz |David Schneider}},"[[Berlin]], Germany",[[Online shopping]],,,,"* [[Baillie Gifford|Baillie Gifford & Co]] (11.20%)
* [[Anders Holch Povlsen]] (10.09%)
* [[BlackRock|Blackrock]] (5.35%)
* [[T. Rowe Price]] (5.22%)
* The founders (5.13%)
* [[The Vanguard Group]] (4.99%)
* [[Allianz Global Investors]] (4.95%)
* [[Morgan Stanley]] (4.87%)
* [[AKO Capital]] (3.15%)
* [[Generation Investment Management]] (2.67%)
* [[Treasury shares]] (1.32%)
* Other shareholders (41.07%)",,,,,,,,,,,{{URL|https://zalando.com|zalando.com}},,,,,,,,,
