name,former_name,logo,logo_size,logo_caption,image,image_size,image_caption,type,traded_as,founder,location_city,location_country,area_served,key_people,industry,products,revenue,operating_income,net_income,assets,equity,num_employees,subsid,foundation,homepage,_company_name,founded,founders,services,num_employees_year,ISIN,predecessors,hq_location,hq_location_country,num_locations,website,location,image_upright,predecessor,revenue_year,income_year,net_income_year,assets_year,equity_year,owner,divisions,footnotes,aum,hq_location_city,trading_name,production,owners,brands,former_names,parent,logo_class,module,locations,logo_upright,logo_alt,image_alt,trade_name,areas_served,ratio,rating,native_name,native_name_lang
Adidas AG,Gebrüder Dassler Schuhfabrik (1924–1949),Adidas 2022 logo.svg,200,Main logo since 2022,Herzogenaurach - Adidas - 2016.jpg,250,"Current factory outlet in Herzogenaurach, Germany.",[[Public company|Public]],{{FWB|ADS|isin|=|DE000A1EWWW0}} <br />[[DAX|DAX component]],[[Adolf Dassler]],"[[Herzogenaurach]], Bavaria",Germany,Worldwide,"{{plainlist|
* [[Thomas Rabe (manager)|Thomas Rabe]] ([[chairman]])|ref|{{cite web |url=https://www.adidas-group.com/en/about/supervisory-board/ |title=Supervisory Board |website=Adidas Group |access-date=20 October 2021 |archive-date=18 August 2021 |archive-url=https://web.archive.org/web/20210818085730/https://www.adidas-group.com/en/about/supervisory-board/ |url-status=dead }}|</ref>|
* Bjørn Gulden ([[CEO]])}} * Bjørn Gulden ([[CEO]])","[[Textile industry|Textile]], [[Footwear#Footwear industry|footwear]]","[[clothing|Apparel]], [[footwear]], [[sportswear]], [[sports equipment]], [[toiletries]]",{{Increase}} [[Euro|€]]23.683&nbsp;billion (2024),{{Increase}} €1.249&nbsp;billion (2024),{{Increase}} €756&nbsp;million (2024),{{Increase}} €20.655&nbsp;billion (2024),{{Increase}} €5.868&nbsp;billion (2024),"62,035 (2024)",{{ubl|[[Adidas Runtastic]]|Matix}},"{{start date and age|df|=|yes|1924|7}} in [[Herzogenaurach]], Germany (as Gebrüder Dassler Schuhfabrik)<br /> {{start date and age|1949|8|18|df|=|yes}} (as Adidas)",{{URL|https://www.adidas.com/|adidas.com}},Adidas,,,,,,,,,,,,,,,,,,,,,,,,,,,,,,,,,,,,,,,,,
Adyen N.V.,,Adyen Corporate Logo.svg,,,,,,[[Naamloze vennootschap]],{{ubl|EuronextAmsterdam|ADYEN|NL0012969182|[[AEX index|AEX]] component}} {{EuronextAmsterdam|ADYEN|NL0012969182}},,Amsterdam,Netherlands,,{{Unbulleted list|Pieter van der Does ([[Chief executive officer|CEO]])}},"[[Payment processor]], [[technology]], [[e-commerce]], [[point of sale]]",,{{increase}} {{€|1.996 billion|link|=|yes}} (2024),,{{increase}} €925 million (2024),{{increase}} €11.425 billion (2024),{{increase}} €4.232 billion (2024),"4,345",,,{{URL|https://www.adyen.com/|adyen.com}},Adyen,{{Start date and age|2006}},{{ubl|[[Arnout Schuijff]] | [[Pieter van der Does (businessman)|Pieter van der Does]]}},"[[Payment service provider]], gateway, risk management, local acquiring, point of sale, issuing",2024,,,,,,,,,,,,,,,,,,,,,,,,,,,,,,,,,,,,,
Koninklijke Ahold Delhaize N.V.,,{{#statements:P154}},,,{{#statements:P18}},,"Ahold Delhaize headquarters in Zaandam, Netherlands",[[Public company|Public]] ([[Naamloze vennootschap|N.V.]]),{{EuronextAmsterdam|AD|NL0011794037|XAMS}} <br>[[AEX index|AEX]] component,,,,,"{{plainlist|
* [[Frans Muller]] (President and CEO)
* Jerry W Fleeman (CEO Ahold Delhaize USA)
* Wouter Kolk (CEO Ahold Delhaize Europe and Indonesia)
* Jolanda Poots-Bijl (CFO)|ref|[https://www.aholddelhaize.com/en/news/jolanda-poots-bijl-appointed-to-the-management-board-of-ahold-delhaize-as-cfo Jolanda Poots-Bijl appointed to the Management Board of Ahold Delhaize as CFO ]/|</ref>|}}",{{#statements:P452}} {{ubl|[[Wholesaling]]|[[Technology]]}},,{{Increase}} [[Euro|€]]89.4 billion (2024),,{{Increase}} [[Euro|€]]1.8 billion (2024),,,"414,000",,{{#statements:P571}},,Ahold Delhaize,,,,,NL0011794037,{{ubl|[[Ahold]]|[[Delhaize Group]]}},{{#statements:P159}},{{#statements:P17}},"7,910 (2024)",{{Official website}},,,,,,,,,,,,,,,,,,,,,,,,,,,,,,,
Air Liquide S.A.,,"Air Liquide - logo (France, 2017).svg",250px,,[[File:Air liquide headquarters.jpg|250px]],,Air Liquide headquarters in [[Paris]],[[S.A. (corporation)|Société Anonyme]],{{EuronextParis|AI|FR0000120073|XPAR}} <br />[[CAC 40]] component,,,,,"[[Benoît Potier]]<br /><small>([[Chairman]])</small>, [[François Jackow]] <small>([[chief executive officer|CEO]])</small>","[[Chemical industry|Chemicals]], [[Health care]], [[Engineering]]","[[Industrial gas]]es, [[fine chemicals]]",{{decrease}} {{€|27.05 billion|link|=|yes}} (2024),{{increase}} €5.39 billion (2024),{{increase}} €3.30 billion (2024),{{increase}} €51.86 billion (2024),{{increase}} €27.62 billion (2024),"67,800 (2023)",,{{start date and age|1902}},{{URL|https://www.airliquide.com/}},Air Liquide,,,,,,,,,,,"[[Quai d'Orsay]], [[7th arrondissement of Paris|7th arrondissement]], [[Paris]], France",,,,,,,,,,,,,,,,,,,,,,,,,,,,,,
Airbus SE,"{{Indented plainlist|
* '''Parent company:'''
* European Aeronautic Defence and Space Company NV (EADS) (2000–2014)
* Airbus Group NV (2014–2015)
* Airbus Group SE (2015–2017)
* '''Subsidiary:'''
* Airbus Industrie GIE (1970–2001)
* Airbus SAS (2001–current)
* Airbus Military (2008-2014)}}",Airbus Logo 2017.svg {{!}} class=skin-invert,180px,,Airbus Lagardère - Aéroconstellation.jpg,250px,"Lagardère production plant in [[Blagnac]], France",[[Public company|Public]],"{{Plainlist|
* |BMAD|isin|=|NL0000235190|AIR|
* |EuronextParis|AIR|NL0000235190|XPAR|
* |FWB|AIR|isin|=|NL0000235190|
* [[CAC 40]] component
* [[DAX]] component
* [[Euro Stoxx 50]] component}} {{BMAD|isin|=|NL0000235190|AIR}} * {{EuronextParis|AIR|NL0000235190|XPAR}} * {{FWB|AIR|isin|=|NL0000235190}} * [[CAC 40]] component
* [[DAX]] component
* [[Euro Stoxx 50]] component",,,,Worldwide,"{{plainlist|
* [[Guillaume Faury]] ([[Chief executive officer|CEO]])
* [[René Obermann]] ([[chairman]])}}","{{ubl
|[[Aerospace manufacturer|Aerospace]]
|[[Arms industry|Defence]]}}","{{hlist
  | [[Airbus A220|A220]]
  | [[Airbus A320neo family|A320neo]]
  | [[Airbus A330neo|A330neo]]
  | [[Airbus A350|A350]]}}",{{Increase}} &nbsp; {{€|69.23 billion|link|=|yes}},{{Increase}} {{€|5.30 billion}},{{Increase}} &nbsp; {{€|4.23 billion}},{{Increase}} &nbsp; {{€|129.21 billion}},{{Increase}} &nbsp; {{€|19.70 billion}},"156,921","{{plainlist|
* [[Airbus Group, Inc.]]
* [[Airbus Corporate Jets]]
* [[Composite Technology Center]]
* [[Helibras]]
* [[Metron Aviation]]
* [[NAVBLUE]]
* [[NHIndustries]] (62.5%)
* [[Premium AEROTEC]]
* [[Satair]]
* [[Airbus Atlantic]]
* [[Tesat-Spacecom]]
* [[Testia]]}}",,{{official url}},Airbus,{{Start date and age|1970|12|18|df|=|y}},,,2024,NL0000235190,,"{{Indented plainlist|
* [[Leiden]], Netherlands (legal headquarters)
* [[Blagnac]], France (main office of operations)}}",,,,,1.2,"[[Aérospatiale]], [[CASA (aircraft manufacturer)|CASA]], [[DASA]], [[Matra]]",2024,2024,2024,2024,2024,"{{Indented plainlist|
* [[SOGEPA]] (French Government): 10.9%|ref|[https://www.airbus.com/sites/g/files/jlcbta136/files/2023-11/Airbus_9m_2023_Presentation.pdf Airbus 9m Results 2023]. p.29. ''The Drive''. 8 November 2023.|</ref>|
* |ill|GZBV|de|Gesellschaft zur Beteiligungsverwaltung| (German Government): 10.8%|ref| name=""Airbus 9m Results 2023""|[https://www.airbus.com/sites/g/files/jlcbta136/files/2023-11/Airbus_9m_2023_Presentation.pdf Airbus 9m Results 2023].  p.29. ''The Drive''. 8 November 2023.|</ref>|
* [[Sociedad Estatal de Participaciones Industriales|SEPI]] (Spanish Government): 4.1%|ref| name=""Airbus 9m Results 2023""|ref| name=""shares2022""|{{cite web |title=Shareholding Structure at 31 December 2022 |url=https://www.airbus.com/sites/g/files/jlcbta136/files/2023-02/Airbus%20FY%202022%20Results%20Presentation_0.pdf|website=Airbus |access-date=22 April 2023 |language=en}}|</ref>|}} * {{ill|GZBV|de|Gesellschaft zur Beteiligungsverwaltung}} (German Government): 10.8% * [[Sociedad Estatal de Participaciones Industriales|SEPI]] (Spanish Government): 4.1%","{{plainlist|
* [[Airbus Defence and Space|Defence and Space]]
* [[Airbus Helicopters|Helicopters]]}}",Financials {{as of|2024|12|31|lc|=|y}} .<br />References:,,,,,,,,,,,,,,,,,,,,
Allianz,,Allianz.svg,,,Wzwz_schwabing_26_allianz_building.JPG,,Headquarters in Munich,[[Public company|Public]] (''[[societas Europaea]]''),{{ubl|FWB|ALV|[[DAX]] component}} {{FWB|ALV}},,,,[[World]]wide,"{{ubl|[[Oliver Bäte]] ([[CEO]]) |[[Michael Diekmann]] (chair, supervisory board)}}",[[Financial services]],,{{increase}} [[Euro|€]]179.8&nbsp;billion (2024),{{increase}} €16.02&nbsp;billion (2024),{{increase}} €10.54&nbsp;billion (2024),{{increase}} €1.045&nbsp;trillion (2024),{{increase}} €60&nbsp;billion (2024),"156,626 (2024)",{{ubl|[[AGF (company)|Allianz France]]|[[Allianz Global Investors]]|[[Allianz Life]]|[[Bajaj Finserv#Subsidiaries|Bajaj Allianz]]|[[Allianz Trade]]|[[PIMCO]]}},"{{Start date and age|1890|02|5|df|=|y}} in [[Munich]], [[Germany]]",{{URL|allianz.com/|Allianz.com}},Allianz,,{{ubl|[[Carl von Thieme]]|[[Wilhelm von Finck]]}},{{ubl|[[Insurance]] |[[General insurance]] |[[Health insurance]] |[[Vehicle insurance]] |[[Travel insurance]] |[[Home insurance]] |[[Life insurance]] |[[Mortgage loan]]s |[[Investment management]] | [[Asset management]] |[[Mutual fund]]s}},,,,,,,,"[[Munich]], Germany",,,,,,,,,,,{{nowrap|increase| €2.448&nbsp;trillion (2024)}} {{increase}} €2.448&nbsp;trillion (2024),,,,,,,,,,,,,,,,,,,
Anheuser-Busch InBev SA/NV,,Anheuser-Busch InBev Logo 2022.svg,,,,,,[[Public company|Public]],{{unbulleted list|EuronextBrussels|ABI|BE0974293251|XBRU|NYSE|BUD| (ADR)|JSE|ANH|[[BEL 20]] component (ABI)}} {{EuronextBrussels|ABI|BE0974293251|XBRU}} {{NYSE|BUD}} (ADR) {{JSE|ANH}},,,,Worldwide,{{Unbulleted list|[[Martin Barrington]] (chairman)|[[Michel Doukeris]] (CEO)}},[[Drink industry]],Alcoholic beverages: beer and soft drinks,{{increase}} {{US$|59.77&nbsp;billion|link|=|yes}},{{increase}} US$15.49&nbsp;billion,{{increase}} US$7.416&nbsp;billion,{{decrease}} US$206.6&nbsp;billion,{{decrease}} US$78.24&nbsp;billion,"143,885",{{unbulleted list|[[Anheuser-Busch]]|[[InBev]] ([[AmBev]] [[Interbrew]])|[[Grupo Modelo]]}},"{{start date and age|df|=|yes|2008}} ,<br />through [[InBev]] acquiring [[Anheuser-Busch]]",{{URL|https://ab-inbev.com}},Anheuser-Busch InBev,,,,2024,BE0974293251 (old BE0003793107),{{ubl|[[Anheuser-Busch]]|[[InBev]]}},,Belgium,,,,,,2024,2024,2024,2024,2024,,,,,[[Leuven]],,,,,,,,,,,,,,,,,,
,,Argenx.svg,,,,,,,,,,,,{{Unbulleted list|Tim Van Hauwermeiren ([[Chief executive officer|CEO]])|ref|{{Cite web |title=Management Team |url=https://argenx.com/about#management-team |access-date=18 November 2025 |website=Argenx}}|</ref>}},,,,,,,,,,,,Argenx,,,,,,,,,,{{URL|https://argenx.com}},,,,,,,,,,,,,,,,,,,,,,,,,,,,,,,
ASML Holding N.V.,,[[File:ASML Holding N.V. logo.svg|frameless|upright=1.05|class=skin-invert]],,,ASML headquarters Veldhoven.jpg,,Corporate headquarters in [[Veldhoven]],[[Public company|Public]],{{Unbulleted list|EuronextAmsterdam|ASML|NL0010273215|XAMS|[[AEX index|AEX]] component|NASDAQ|ASML|[[Nasdaq-100]] component|OTC Pink|ASMLF}} {{EuronextAmsterdam|ASML|NL0010273215|XAMS}} {{NASDAQ|ASML}} {{OTC Pink|ASMLF}},,,,,{{ubl|Christophe Fouquet ([[Chief executive officer|CEO]])|Nils Andersen ([[chairman]] of the [[supervisory board]])}},[[Semiconductor industry]],[[Photolithography]] systems for the [[semiconductor]] industry,{{increase}} {{€|28.26&nbsp;billion|link|=|yes}} (2024),{{decrease}} {{€|9.023&nbsp;billion}} (2024),{{decrease}} {{€|7.572&nbsp;billion}} (2024),{{increase}} {{€|48.59&nbsp;billion}} (2024),{{increase}} {{€|18.48&nbsp;billion}} (2024),"43,395 (2024)",,,,ASML Holding,{{Unbulleted list | |Start date and age|1984| (joint venture) | |Start date and age|1988| (independent company)}} {{Start date and age|1984}} (joint venture) {{Start date and age|1988}} (independent company),,,,,,"[[Veldhoven]], Netherlands",,,{{URL|https://www.asml.com/|asml.com}},,1.1,,,,,,,,,,,,,,,,,,,,,,,,,,,,,
AXA S.A.,,AXA Logo.svg,165px,,Hotel de la vaupaliere54.jpg,220px,"Headquarters at Hôtel de La Vaupalière, [[Paris]]",[[Public company|Public]],{{EuronextParis|CS|FR0000120628|XPAR}} <br />[[CAC 40]] component,,,France,Worldwide,[[Thomas Buberl]] ([[Chief executive officer|CEO]])<br />[[Antoine Gosset-Grainville]] ([[chairman of the board]]),[[Financial services]],{{ubl|[[Insurance]] |[[General insurance]] |[[Health insurance]] |[[Vehicle insurance]] |[[Travel insurance]] |[[Home insurance]] |[[Life insurance]] |[[Mortgage loan]]s |[[Investment management]] | [[Asset management]] |[[Pet Insurance ]] |[[Mutual fund]]s}},{{increase}} [[Euro|€]]102.733&nbsp;billion (2023),{{increase}} €6.34&nbsp;billion (2023),{{increase}} €7.37&nbsp;billion (2023),{{increase}} €644.44&nbsp;billion (2023),{{increase}} €52.39&nbsp;billion (2023),"113,696 (2023)",[[Axa Bank Belgium]]<br />[[Axa Investment Managers]]<br />[[Axa XL]],{{Start date and age|1921}},{{official URL}},Axa,,,,,,,,,,,"Hôtel de La Vaupalière, 25 Avenue Matignon",,,,,,,,,,,{{increase}} €945.50&nbsp;billion (2023),,,,,,,,,,,,,,,,,,,
BASF SE,,BASF-Logo bw.svg,205px,,,,,[[Public company|Public]],{{ubl|FWB|BAS|isin|=|DE000BASF111|[[DAX]] component}} {{FWB|BAS|isin|=|DE000BASF111}},[[Friedrich Engelhorn]],,,,{{ubl|Jürgen Hambrecht <small>(chairman of the [[supervisory board]])</small>| Markus Kamieth (CEO)}},[[Chemical industry|Chemicals]],"Chemicals, plastics, performance chemicals, [[catalyst]]s, [[coating]]s, [[Agricultural science|crop technology]], [[crude oil]] and natural gas [[Hydrocarbon exploration|exploration]] and production",{{decrease}} {{€|68.9&nbsp;billion|link|=|yes}} (2023),{{decrease}} €2.24&nbsp;billion (2023),{{increase}} €225&nbsp;million (2023),{{decrease}} €77.4&nbsp;billion (2023),{{decrease}} €36.6&nbsp;billion (2023),"{{increase}} 111,991 (end 2023)","[[Wintershall]], Nunhems, TrinamiX, [[Cognis]], BTC Europe, Chemster, Siegfried PharmaChemikalien Minden, [[Verenium Corporation]], Isobionics, Succinity, Pinturas Thermicas del Norte","{{start date and age|1865|04|6|df|=|yes}} (as Badische Anilin- und Sodafabrik); [[Mannheim]], [[Grand Duchy of Baden|Baden]], Germany",{{URL|basf.com}},BASF,,,,,{{ISIN|sl|=|n|pl|=|y|DE000BASF111}},,,,,,"[[Ludwigshafen]], Germany",,,,,,,,,,,,,,,,,,,,,,,,,,,,,,
Bayer AG,,Logo Bayer.svg,160px,,Leverkusen Kaiser-Wilhelm-Allee 0004.jpg,,Headquarters in Leverkusen,[[Public company|Public]],{{ubl|class|=|nowrap|FWB|BAYN|[[DAX]] component|[[Euro Stoxx 50]] component}} {{FWB|BAYN}},[[Friedrich Bayer]],,,Worldwide,"{{Plainlist|
* [[Bill Anderson (businessman)|Bill Anderson]] (CEO)
* Norbert Winkeljohann (chairman of the [[supervisory board]])}}","{{plainlist|
* [[Pharmaceutical industry|Pharmaceuticals]]
* [[Chemical industry|Chemicals]]
* [[Biotechnology]]
* [[Healthcare industry|Healthcare]]}}",{{hlist|Prescription pharmaceuticals|[[Medical imaging|diagnostic imaging]]|therapeutics|[[over-the-counter drug]]s|[[pesticides]]|[[seeds]]|[[Plant breeding|plant biotechnology]]}},{{decrease}} {{€|46.6&nbsp;billion|link|=|yes}} (2024),{{decrease}} €&minus;71&nbsp;million (2024),{{increasenegative}} €&minus;2.6&nbsp;billion (2024),{{increase}} €102&nbsp;billion (2024),{{increase}} €43.3&nbsp;billion (2024),"92,815 (2024)",,{{start date and age|1863|08|01|df|=|y|br|=|y}},{{url|https://www.bayer.com/|bayer.com}},Bayer,,,,,,,,,,,"[[Leverkusen]], [[North Rhine-Westphalia]], Germany",,,,,,,,,,,,,,,,,,,,,,,,,,,,,,
"Banco Bilbao Vizcaya Argentaria, S.A.",,BBVA_logo_2025.svg,,,Bilbao - BBVA (ex Banco de Comercio) 2.jpg,,BBVA head-office building in [[Bilbao]],[[S.A. (corporation)|Sociedad Anónima]],{{BMAD|ES0113211835|BBVA}} <br /> {{NYSE|BBVA}} <br /> {{BMV|BBVA|6528}} <br />[[IBEX 35]],,Bilbao and [[Madrid]],[[Spain]],,[[Carlos Torres Vila (banker)|Carlos Torres Vila]]<br /> {{small|(Group Executive Chairman)}} <br />[[Onur Genç]]<br /> {{small|(CEO)}},[[Financial services]],{{hlist| [[Retail banking]] | [[Commercial bank|corporate banking]]| [[investment banking]]| [[insurance]]| [[private banking]]| [[private equity]]| [[mortgage loans]]| [[credit cards]]| [[investment management]]| [[wealth management]] | [[asset management]] | [[mutual funds]]| [[exchange-traded fund]]s| [[index fund]]s}},{{Increase}} €35.48 billion <small>(2024) </small>,{{Increase}} €17.23 billion <small>(2024) </small>,{{Increase}} €10.05 billion <small>(2024) </small>,{{Decrease}} €772.40 billion <small>(2024) </small>,{{Increase}} €60.01 billion <small>(2024) </small>,"{{Increase}} 125,916 <small>(2024) </small>",,"[[Bilbao]], Spain<br /> {{Start date and age|1857|5|28|df|=|y}}",{{URL|http://www.bbva.com}},BBVA,,,,,{{ISIN|sl|=|n|pl|=|y|ES0113211835}},,,,,,,,"{{unbulleted list|Banco Bilbao Vizcaya, S.A.|Argentaria, S.A.}}",,,,,,,,,,,,,,,,,,,,,,,,,,,,
Banco Santander S.A.,,Banco Santander Logotipo.svg,275px,,Sedesocialsantander.jpg,250px,"The façade of Banco Santander headquarters in [[Santander, Spain|Santander]], Spain",[[Public company|Public]],{{unbulleted list|BMAD|ES0113900J37|SAN|[[IBEX 35]] component|WSE|SAN|LSE|BNC}} {{BMAD|ES0113900J37|SAN}} {{WSE|SAN}} {{LSE|BNC}},,"{{unbulleted list |[[Santander, Spain|Santander]], Spain (legal) | [[Boadilla del Monte]], Spain (operational)}}",,Worldwide,{{ubl|[[Ana Botín|Ana Patricia Botín]] (Group Executive chairman)|[[José Antonio Álvarez]] (Vice chairman)|Héctor Grisi Checa (CEO)}},[[Financial services]],{{hlist| [[Retail banking]] | [[Commercial bank|corporate banking]]| [[investment banking]]| [[insurance]]| [[private banking]]| [[private equity]]| [[mortgage loans]]| [[credit cards]]| [[investment management]]| [[wealth management]] | [[asset management]] | [[mutual funds]]| [[exchange-traded fund]]s| [[index fund]]s}},{{increase}} €61.88&nbsp;billion (2024),{{increase}} €19.03&nbsp;billion (2024),{{increase}} €12.57&nbsp;billion (2024),{{increase}} €1.840&nbsp;trillion (Q3 2025),{{increase}} €107.3&nbsp;billion (2024),"{{decrease}} 206,753 (2024)",,{{start date and age|1857|5|15|df|=|y}},{{URL|santander.com}},Banco Santander,,,,,{{ISIN|sl|=|n|pl|=|y|ES0113900J37}},,,,,,,,,,,,,,,,,{{increase}} €498.3&nbsp;billion (2024),,Santander Group,,,,,,,,,,,,,,,,,
Bayerische Motoren Werke Aktiengesellschaft,,BMW logo (white + grey background square).svg,,Official logo since 2020,"4 cilindros de BMW, Múnich, Alemania1.jpg",,"[[BMW Headquarters]] in Munich, Germany",[[Public company|Public]],{{unbulleted list| |FWB|BMW| |[[DAX]] component}} {{FWB|BMW}},,[[Munich]],Germany,Worldwide,"{{Plainlist|
* [[Oliver Zipse]] (chairman of management board)
* |ill|Nicolas Peter|de| (chairman of supervisory board)}} {{ill|Nicolas Peter|de}} (chairman of supervisory board)",[[Automotive industry|Automotive]],{{Hlist|[[Car]]s|[[motorcycle]]s|[[bicycle]]s}},{{Increase}} {{Euro|155.50|link|=|yes}} [[Billion (short scale)|billion]] (2023),{{Decrease}} {{Euro|17.096}} billion (2023),{{Decrease}} {{Euro|12.165}} billion (2023),{{Increase}} {{Euro|250.89}} billion (2023),{{Increase}} {{Euro|92.923}} billion (2023),"154,950 (2023)",,{{Start date and age|1916|3|7}} <br>(official date) {{Paragraph break}} {{Start date and age|1922|df|=|y}} <br>(''de facto'' date),{{ubl|URL|bmwgroup.com| (corporate)|URL|bmw.com| (brand)}} {{URL|bmwgroup.com}} (corporate) {{URL|bmw.com}} (brand),BMW,,[[Camillo Castiglioni]]<br>[[Franz Josef Popp]],"Car-sharing services, financing, leasing, insurance and other financial services",,,"{{Plainlist|
* [[Otto Flugmaschinenfabrik]]
* [[Rapp Motorenwerke]]
* [[Automobilwerk Eisenach|Fahrzeugfabrik Eisenach]]}}",,,,,,,,,,,,,,,,,,,"{{Ubl|class|=|nowrap|Increase| 2,661,922 cars (2023)|Increase| 221,988 motorcycles (2023)|ref| name=""AR2023""}} {{Increase}} 2,661,922 cars (2023) {{Increase}} 221,988 motorcycles (2023)",{{Ubl|[[Stefan Quandt]] (25.8%)|[[Susanne Klatten]] (20.9%)|[[Public]] (53.4%)|ref|{{Cite web|url=https://www.bmwgroup.com/en/investor-relations/bmw-shares.html|title=BMW shares. Mikaeel Collier (100%) Shareholder structure|website=www.bmwgroup.com|access-date=11 July 2023}}|</ref>}},"{{Unbulleted list|'''Automobiles'''|[[#Automobiles|BMW]] ([[BMW i|i]], [[BMW M|M]], [[BMW X|X]], [[BMW Z|Z]], [[Alpina]])|[[Mini (marque)|Mini]]|[[Rolls-Royce Motor Cars|Rolls-Royce]]|'''Motorcycles'''|[[BMW Motorrad]]}}",,,,,,,,,,,,,,
,,BNP Paribas.svg,50px,,Italiens12.jpg,,The [[headquarters]] of BNP Paribas in [[Paris]],[[Public company|Public]],{{Ubl|EuronextParis|BNP|FR0000131104|XPAR|LSE|0HB5|[[CAC 40]] component (BNP)}} {{EuronextParis|BNP|FR0000131104|XPAR}} {{LSE|0HB5}},,,,Worldwide,{{Ubl|[[Jean Lemierre]] ([[Chairperson|Chairman]])|[[Jean-Laurent Bonnafé]] ([[CEO]])}},[[Financial services]],"{{Ubl
| [[Asset management]]
| [[Banking]]
| [[Commodities]]
| [[Credit card]]s
| [[Equities trading]]
| [[Insurance]]
| [[Investment banking]]
| [[Investment management]]
| [[Mortgage loan]]s
| [[Mutual funds]]
| [[Private equity]]
| [[Security (finance)|Securities services]]
| [[Risk management]]
| [[Wealth management]]}}",{{increase}} [[Euro|€]]48.83&nbsp;billion (2024),{{increase}} €15.43&nbsp;billion (2024),€3.044 billion (Q3 2025),{{increase}} €2.824&nbsp;trillion (Q3 2025),{{increase}} €134.14&nbsp;billion (2024),"178,000 (2024)",{{Collapsible list|title|=|List|Arval<br>[[Banca Nazionale del Lavoro]]<br>[[Cetelem]]<br>[[Hello bank!]]<br>[[BMCI]]}},"* {{start date and age|df|=|yes|1822|12|13}} Creation of [[Société Générale de Belgique]], predecessor of [[Fortis Bank]]
* {{start date and age|df|=|yes|1848|03|10}} creation of [[Comptoir national d'escompte de Paris]], predecessor of BNP
* {{start date and age|df|=|yes|1872|01|27}} creation of [[Paribas|Banque de Paris et des Pays-Bas]], later called Paribas
* {{start date and age|df|=|yes|2000|05|23}} merging as BNP Paribas",{{URL|group.bnpparibas/en/}},BNP Paribas,,,,,,,,,,,"[[Boulevard des Italiens|20 Boulevard des Italiens]]<br />[[Paris]], France",,,,,,,,,{{Collapsible list|title|=|List|[[BNP Paribas Asset Management]]<br>[[Cardif|BNP Paribas Cardif]]<br>BNP Paribas Factor<br>[[BNP Paribas Fortis]]<br>BNP Paribas Real Estate}},,,,,,,,,,,,,,,,,,,,,
Danone S.A.,,,,,"Bd Haussmann, 17.jpg",250px,"Danone head office in Paris, July 2010",[[Public company]],{{EuronextParis|BN|FR0000120644}} <br />[[CAC 40]] component,[[Isaac Carasso]],,,Worldwide,[[Franck Riboud]] (honorary chairman)<br />[[Gilles Schnepp]] (chairman) <br /> [[Antoine Bernard de Saint-Affrique]] (CEO),[[Food processing]],"{{hlist|[[Baby food]]|[[coffee]]|[[dairy products]]|[[dairy-free|dairy-free products]]|[[bottled water]]|[[dietary supplement]]s|[[protein supplement]]s|ref| name=""18PDF""}}",{{Increase}} [[Euro|€]]27.619&nbsp;billion (2023),{{Increase}} €3.481&nbsp;billion (2023),{{Decrease}} €881&nbsp;million (2023),{{Decrease}} €44.486&nbsp;billion (2023),{{Decrease}} €16.176&nbsp;billion (2023),"96,000+ (2023)",[[WhiteWave Foods|Danone North America]],'''Company:''' {{start date and age|1966}} (as Boussois-Souchon-Neuvesel)<br>'''Brand:''' {{start date and age|1919}},{{url|https://www.danone.com/|danone.com}},Danone,,,,,,,,,,,"[[Boulevard Haussmann]] <br />[[9th arrondissement of Paris|9th arrondissement]], [[Paris]], France (Operational)<br />[[Hoofddorp]], [[Netherlands]] (Global)",,Gervais Danone,,,,,,,,,,,,,"{{plainlist|
* [[MFS Investment Management]] (8.3%)|ref| name=""simplywall.st""|{{cite web|url=https://simplywall.st/stocks/fr/food-beverage-tobacco/epa-bn/danone-shares/news/what-kind-of-shareholder-owns-most-danone-s-a-epabn-stock|title = What Kind of Shareholder Owns Most Danone S.A. (EPA:BN) Stock?| date=28 January 2020 }}|</ref>|}}",''[[Danone#Main brands|Main brands]]'',Boussois-Souchon-Neuvesel (1966-1967)<br>BSN (1967-1973)<br>BSN-Gervais Danone (1973-1983)<br>BSN Groupe (1983-1994),,,,,,,,,,,,,
Deutsche Bank AG,,[[File:Deutsche Bank logo.svg|frameless|220px|upright=0.6|class=skin-invert]],,,Deutsche Bank Taunusanlage.jpg,,"[[Deutsche Bank Twin Towers]] in [[Frankfurt]], Germany",[[Public company|Public]],"{{plainlist|
*|FWB|DBK|
*|NYSE|DB|
*[[DAX]] component}} {{FWB|DBK}} * {{NYSE|DB}} *[[DAX]] component",,,,,"{{ubl|
*[[Christian Sewing]] ([[Chief executive officer|CEO]])|ref|{{Cite news |last=Ewing |first=Jack |date=8 April 2018 |title=Deutsche Bank Replaces C.E.O. Amid Losses and Lack of Direction |work=[[The New York Times]] |url=https://www.nytimes.com/2018/04/08/business/deutsche-bank-ceo.html?partner=rss&emc=rss |access-date=8 April 2018}}|</ref>|
*[[Alexander Wynaendts]] (chairman of supervisory board)|ref| name=""Annual Report 2023""|{{Cite web|url=https://investor-relations.db.com/files/documents/annual-reports/2024/Annual-Report-2023.pdf|title=Annual Report 2023 |publisher=Deutsche Bank |access-date=16 March 2024}}|</ref>}} *[[Alexander Wynaendts]] (chairman of supervisory board)",[[Financial services]],{{ubl | [[Asset management]] | [[Banking]] | [[Commodities]] | [[Credit card]]s | [[Equities trading]] | [[Insurance]] | [[Investment management]] | [[Mortgage loan]]s | [[Private equity]] | [[Wealth management]]}},{{increase}} €31.5&nbsp;billion (2024),{{decrease}} €6.70&nbsp;billion (2024),{{decrease}} €4.48&nbsp;billion (2024),{{increase}} €1.391&nbsp;trillion (Q3 2025),{{increase}} €68.7&nbsp;billion (2024),"89,753 (2024)",,{{start date and age|1870|03|10|df|=|y|br|=|y}},{{URL|db.com}},Deutsche Bank,,"{{Plainlist|
*[[Ludwig Bamberger]]
*[[Adelbert Delbrück]]}}",,,{{ISIN|sl|=|n|pl|=|y|DE0005140008}},,[[Deutsche Bank Twin Towers]],Germany,,,,,,,,,,,,,,{{increase}} €1.01&nbsp;trillion (2024),[[Frankfurt]],,,,,,,,,,,,,,,,,,
Deutsche Börse AG,,Deutsche Börse.svg,200px,,Deutsche-boerse-parkett-ffm001.jpg,260px,{{Lang|de|Deutsche Börse|italic|=|no}} trading floor in [[Frankfurt]],[[Public company|Public]] ( {{Lang|de|[[Aktiengesellschaft]]}} ),{{ubl|FWB|DB1|[[DAX]] component}} {{FWB|DB1}},,,,,{{ubl|[[Stephan Leithner]] ([[chief executive officer|CEO]])|[[Joachim Faber]] ([[chairman]] of the [[supervisory board]])}},[[Finance]],,{{increase}} {{€|5.829 billion|link|=|yes}} (2024),{{increase}} €2.9 billion (2024),{{increase}} €1.949 billion (2024),{{decrease}} €222.112 billion (2024),{{increase}} €11.259 billion (2024),"15,835 ([[full-time equivalent|FTE]], mid 2025)","[[360T]], [[Frankfurt Stock Exchange]], [[Clearstream]], [[Xetra (trading system)|Xetra]], [[Eurex]], [[STOXX]], [[Qontigo]]",{{Start date and age|1992}},,Deutsche Börse,,,"[[Equity trading]] platforms, [[Derivative (finance)|derivatives]] [[Financial market|markets]], [[Clearing (finance)|clearing]], [[market data]]",,,,,,,{{URL|https://deutsche-boerse.com/dbg-en/|deutsche-boerse.com}},"[[Frankfurt am Main]], [[Germany]]",,,,,,,,,,,,,,,,,,,,,,,,,,,,,,
Post & Parcel Germany division,,Logo Deutsche Post 2019.svg,220px,"Logo used since 2019. Before 2019, the {{lang|de|italic|=|no|""Deutsche Post""}} wordmark used the [[Frutiger (typeface)|Frutiger typeface]].",,,,[[Division (business)|Division]],,,,,,,,,,,,,,"{{Circa}} 187,000 (2024)",,{{start date and age|1995}},{{URL|https://www.deutschepost.de/en/home.html|deutschepost.de}},Deutsche Post,,,"domestic [[mail]], [[post office]]s",,,,,,"13,000 [[post office]]s (2024)",,"[[Bonn]], Germany",,{{lang|de|italic|=|no|[[Deutsche Bundespost]]}},,,,,,,,,,,,,,"{{lang|de|italic|=|no|Deutsche Post}} , [[DHL]]",,[[DHL Group]],,,,,,,,,,,,
Deutsche Telekom AG,,Deutsche Telekom 2022.svg,80px,Official logo since 2022,Deutsche Telekom Zentrale Bonn.jpg,250px,Headquarters in Bonn,[[Public company|Public]],{{FWB|DTE}} <br />[[DAX|DAX Component]],,,,Worldwide; mainly Germany and the US,{{ubli|[[Timotheus Höttges]]<br />([[Chief executive officer|CEO]])|[[Frank Appel]]<br />([[chairman]] of the [[supervisory board]])}},[[Telecommunications industry|Telecommunications]],{{ubl|[[Landline|Fixed-line]]|[[Mobile telephony]]|[[Broadband]]|[[Digital television]]|[[Digital media]]|[[Information technology|IT]] services}},{{Decrease}} [[Euro|€]]112.0 billion (2023),{{Increase}} €33.8 billion (2023),{{increase}} €9.0 billion (2023),{{Decrease}} €290.3 billion (2023),{{Increase}} €91.2 billion (2023),"205,000 (2023)","{{collapsible list
 | [[T-Systems|T-Systems International GmbH]]
 | [[Telekom Deutschland|Telekom Deutschland GmbH]]
 | [[T-Mobile US]] (51.4%)
 | [[Magenta Telekom]]
 | [[T-Mobile Polska]]
 | [[T-Mobile Czech Republic]]
 | [[Slovak Telekom]]
 | [[Magyar Telekom]] (59%)
 | [[Hrvatski Telekom]] (53.5%)
 | [[OTE]] (53.45%)
 | [[Makedonski Telekom]]
 | [[Crnogorski Telekom]]}}",{{Start date and age|1995|1|1|df|=|yes}},{{Official URL}},Deutsche Telekom,,,,,,,,Germany,,,,,{{Lang|de|[[Deutsche Bundespost]]|italic|=|no}},,,,,,[[Germany|Federal Republic of Germany]] (31.9%)<br>[[Public float]] (68.1%),,,,[[Bonn]],,,,,,,skin-invert,"{{Infobox NSP
| child |=| yes
| asn |=| 3320
| trafficlevels|=| 50+ terabits |ref|{{cite web |title=AS3320 - Deutsche Telekom - PeeringDB |url=https://www.peeringdb.com/asn/3320 |website=PeeringDB |access-date=29 September 2025}}|</ref>|}}",,,,,,,,,,
Enel S.p.A.,,Enel Group logo.svg,200px,,Roma - HQ Enel esterno.jpg,,Company seat in Rome,[[Società per azioni]],{{ISE|IT0003128367|ENEL}} <br/>[[FTSE MIB|FTSE MIB Component]],[[Italian government]],[[Rome]],[[Italy]],Worldwide,[[Paolo Scaroni]] ([[Chairman]]) <br />[[Flavio Cattaneo]] ([[chief executive officer|CEO]]),[[Electric utility]],[[Electricity generation]] and [[Electricity distribution|distribution]]; [[natural gas]] distribution,{{loss}} {{Euro|78.947&nbsp;billion|link|=|yes}} (2024),{{increase}} {{Euro|15.494&nbsp;billion}} (2024),{{increase}} {{Euro|7.016&nbsp;billion}} (2024),{{loss}} {{euro|187.139&nbsp;billion}} (2024),{{increase}} {{euro|49.171&nbsp;billion}} (2024),"60,359 (2024)",,{{start date and age|df|=|yes|1962|11|27}},[http://www.enel.com www.enel.com],Enel,,,,,,,,,,,,,,,,,,,[[Ministero dell’Economia e delle Finanze]] (23.6%),,,,,,,,,,,,,,,,,,,,,,
Eni S.p.A.,,Eni_logo_2025.png,150px,,Torre Eni.jpg,200px,"[[Palazzo Eni]], the Rome office",[[Public company|Public]],{{unbulleted list|ISE|IT0003132476|ENI|nyse|E|[[FTSE MIB]] component (ENI)}} {{ISE|IT0003132476|ENI}} {{nyse|E}},"{{Unbulleted list
|[[Government of Italy]]|ref|By virtue of [https://www.normattiva.it/uri-res/N2Ls?urn:nir:stato:legge:1953-02-10;136!vig= law of 10 February 1953 no. 136]|</ref>|
|small|[[Enrico Mattei]], first CEO|}} {{small|[[Enrico Mattei]], first CEO}}",[[Milan]],Italy,Worldwide,{{unbulleted list|[[Giuseppe Zafarana]] ([[chairman]]) |[[Claudio Descalzi]] ([[Chief executive officer|CEO]])}},[[Oil and gas industry|Oil and gas]],"[[Petroleum]], [[natural gas]], [[petroleum products]]",{{decrease}} €88.80 billion (2024),{{decrease}} €5.238 billion (2024),{{decrease}} €2.62 billion (2024),{{increase}} €146.9 billion (2024),{{increase}} €55.6 billion (2024),"32,492 (2024)",{{ubl|Enilive|[[Eni Plenitude]]|[[Versalis]]|Eni Rewind|EniPower|EniProgetti|Saipem\[[Agenzia Giornalistica Italia]]}},{{Start date and age|df|=|yes|1953|02|10}},{{URL|https://www.eni.com/en-IT/home.html}},Eni,,,,,{{ISIN|sl|=|n|pl|=|y|IT0003132476}},,,,,,,,,,,,,,"{{Unbulleted list
|[[Ministry of Economy and Finance (Italy)|Ministry of Economy and Finance]] (1.997%)
|[[Cassa Depositi e Prestiti]] (28.503%)}}",,,,,,,,,,,,,,,,,,,,,,
EssilorLuxottica S.A.,,[[File:Logo EssilorLuxottica.svg|frameless|class=skin-invert]],,,,,,[[Public company|Public]],{{Unbulleted list|EuronextParis|EL|FR0000121667|XPAR|[[CAC 40]] component|[[Euro Stoxx 50]] component|Borsa Italiana Euronext Milan}} {{EuronextParis|EL|FR0000121667|XPAR}},,,,,[[Francesco Milleri]] ([[chairman and CEO]]),{{Unbulleted list|[[Eyewear]]| [[Eye care]]}},"[[Corrective lens|Ophthalmic lenses]], optical equipment, [[Eyeglass prescription|prescription glasses]] and [[sunglasses]]",{{increase}} {{€|25.39 billion|link|=|yes}} (2023),{{increase}} €3.176 billion (2023),{{increase}} €2.426 billion (2023),{{decrease}} €60.52 billion (2023),{{increase}} €38.89 billion (2023),"191,706 (2023)",{{Unbulleted list|[[Essilor]] |[[Luxottica]]}},,,EssilorLuxottica,{{Start date and age|2018|10|1|df|=|y}},,,,{{ISIN|sl|=|n|pl|=|y|FR0000121667}},{{Unbulleted list|[[Essilor]]|[[Luxottica]]}},,,,{{URL|essilorluxottica.com}},,,,,,,,,[[Delfin (Holding)|Delfin S.à.r.l]] (32%),,,,"[[Paris]], France and [[Milan]], Italy",,,,"{{Hlist| [[Crizal]]| [[LensCrafters]]| [[Oakley, Inc.|Oakley]]| [[Oliver Peoples]]| [[Persol]]| [[Ray-Ban]]| [[Sunglass Hut]]| [[Supreme (brand)|Supreme]]| [[Transitions Optical]]| [[Varilux]]| [[Alook Eyewear]]}}",,,,,"17,589 stores (2023)",,,,,,,,,
Ferrari S.p.A.,,[[File:Prancing horse.svg|frameless|upright=0.35|class=skin-invert]],,,フェラーリ本社前 (36309429124).jpg,,"Headquarters in [[Maranello]], Italy",[[Public company|Public]] ([[S.p.A.]]),{{ubl|Borsa Italiana|NL0011585146|RACE|NYSE|RACE|[[FTSE MIB]] component|[[Euro Stoxx 50]] component}} {{Borsa Italiana|NL0011585146|RACE}} {{NYSE|RACE}},[[Enzo Ferrari]],,,Worldwide,"{{plainlist|
* [[John Elkann]]<br>(Executive Chairman)
* [[Piero Ferrari]]<br>(Vice Chairman)
* [[Benedetto Vigna]]<br>(CEO)}}",[[Automotive industry|Automotive]],"[[Sports car]]s, [[luxury car]]s",{{profit}} [[Euro|€]]6.677 billion (2024),{{profit}} €1.888 billion (2024),{{profit}} €1.526 billion (2024),{{profit}} €9.497 billion (2024),{{profit}} €3.543 billion (2024),"{{increase}} 5,435 (2024)",,"{{start date and age|df|=|yes|1939|09|13}} in [[Modena]], Italy (as Auto Avio Costruzioni)",{{URL|https://www.ferrari.com/|ferrari.com}},Ferrari,,,,,,,,,,,"{{ubl|[[Maranello]], [[Emilia-Romagna]], [[Italy]]<br>[[Modena]], Emilia-Romagna, Italy ([[Seat (legal entity)|seat]])}} <br/> {{Coord|44|31|57|N|10|51|52|E|display|=|title,inline}}",1.15,,,,,,,,[[Scuderia Ferrari]],,,,,"{{increase}} 13,752 units shipped (2024)","{{plainlist|
* [[Exor (company)|Exor]] (24.65% equity; 36.48% voting rights)
* [[Piero Ferrari]] (10.48% equity; 15.51% voting rights)
* [[Public float|Public]] (58.8% equity; 48.01% voting rights)}}",,,,,,,,,,,,,,,
Hermès International S.A.,,Hermès.svg,,,"Rue du Faubourg-Saint-Honoré, Paris May 2006.jpg",,"Hermès flagship, 24 Rue du Faubourg-Saint-Honoré, Paris",[[Public company|Public]] ([[S.A. (corporation)|''Société Anonyme'']]),{{EuronextParis|RMS|FR0000052292|XPAR}} <br>[[CAC 40]] component,[[Thierry Hermès]],,,,"[[Axel Dumas]] <small>(Executive Chairman)</small>, Henri-Louis Bauer <small>(Executive Manager and Chairman, Emile Hermès SARL)</small>, Éric de Seynes <small>(Chairman, [[Supervisory Board]])</small>, [[Pierre-Alexis Dumas]] <small>(Artistic Executive Vice President)</small>",[[Luxury goods]],[[Clothing]] and [[Fashion accessory|accessories]],{{increase}} [[Euro|€]]15.17 billion (2024),{{increase}} €6.15 billion (2024),{{increase}} €4.60 billion (2024),{{increase}} €23.08 billion (2024),{{increase}} €17.33 billion (2024),"25,185 (2024)",,{{start date and age|1837}} in [[Paris]],{{URL|https://www.hermes.com/|hermes.com}},Hermès,,,,,,,"24 [[Rue du Faubourg Saint-Honoré]] – 75008 Paris, France<br /><small> {{coord|48|52|08|N|02|19|18|E|display|=|title,inline}} </small>",,,,,,,,,,,,,,,,,,,Hermès family and others <br /> (see [[#Shareholder structure|shareholder structure]]),,,,,,,1.0,Hermès logo,"Hermès flagship location, 24 Rue du Faubourg-Saint-Honoré, Paris",,,,,,
"Iberdrola, S.A.",,Logo Iberdrola (2023).svg,,,Bilbao - Torre Iberdrola 61.jpg,,"Headquarters in [[Iberdrola Tower]], Bilbao",[[Sociedad Anónima]],{{BMAD|isin|=|ES0144580Y14|IBE}} <br>[[IBEX 35]],,,,,[[José Ignacio Sánchez Galán|Ignacio Galán]] <small>([[Chairman]])</small><br>[[Pedro Azagra Blázquez|Pedro Azagra]] <small>([[chief executive officer|CEO]])</small><br>[[Duke of Rivas|The Duke of Rivas]] <small>([[chief financial officer|CFO]])</small>,[[Electric utility]],"[[Electricity generation]] and [[Electricity distribution|distribution]], [[renewable energy]], [[natural gas]] production, sale and distribution, [[telecommunication]]s",€44.739 billion <small>(2024) </small>,{{increase}} €9.729 billion<small>(2024) </small>,{{increase}} €5.612 billion <small>(2024) </small>,{{increase}} €158 billion <small>(2024) </small>,,"{{increase}} 42,200 <small>(2024) </small>",Elektro Holding <br /> [[Avangrid]] <br /> [[ScottishPower]],{{start date and age|1992|11|01|df|=|y}},[https://www.iberdrola.com/ iberdrola.com],Iberdrola,,,,,{{ISIN|sl|=|n|pl|=|y|ES0144580Y14}},,,,,,[[Iberdrola Tower]],,,,,,,,,,,,"[[Bilbao]], [[Spain]]",,,,,,,,,,,,,,,,,,
"Industria de Diseño Textil, S.A.",,[[File:Inditex logo black.svg|250px|class=skin-invert]],250px,,Sede de inditex arteixo.jpg,,"Headquarters in [[Arteixo]], Spain",[[Public company]],{{BMAD|ES0148396007|ITX}} <br>[[IBEX 35]],,"[[Arteixo]], [[Galicia (Spain)|Galicia]]",Spain,Worldwide,{{Unbulleted list|Óscar García Maceiras ([[Chief executive officer|CEO]])|[[Marta Ortega]] ([[chairwoman]])}},[[Retail industry|Retail]],[[Clothing]] & [[fashion]],{{increase}} €38.63 billion (2024),{{increase}} €7.57 billion (2024),{{increase}} €5.86 billion (2024),{{increase}} €34.71 billion (2024),{{increase}} €19.67 billion (2024),"{{increase}} 162,083 (2024)","[[Zara (clothing)|Zara]], [[Bershka]], [[Pull&Bear]], [[Massimo Dutti]], [[Stradivarius (Inditex)|Stradivarius]], [[Oysho]], [[Zara Home]], [[Uterqüe]], Lefties","[[A Coruña]], [[Galicia, Spain|Galicia]], Spain<br />( {{Start date and age|df|=|yes|1985|06|12}} )",{{URL|http://www.inditex.com}},Inditex,,[[Amancio Ortega]]<br />[[Rosalía Mera]],,,{{ISIN|sl|=|n|pl|=|y|ES0148396007}},,,,,,,,"{{unbulleted list|Confecciones GOA, S.A.|GOASAM, S.A.}}",,,,,,[[Amancio Ortega]] (59%),,,,,,,,,,,,,"5,563 stores",,,,Inditex,,,,,
Infineon Technologies AG,,Infineon-Logo.svg,,,Campeon Luftbild.JPG,,"Infineon's headquarters ""Campeon"" in Neubiberg",[[Public company|Public]],{{Ubl|FWB|IFX|isin|=|DE0006231004|[[DAX]] component}} {{FWB|IFX|isin|=|DE0006231004}},,[[Neubiberg]],Germany,,"{{Unbulleted list
   | Jochen Hanebeck ([[Chief executive officer|CEO]] and [[Chairman]] of the executive board) |ref|{{cite news |title=Chipmaker Infineon ready to spend billions on acquisitions – CEO |url=https://www.reuters.com/technology/infineon-ready-spend-billions-acquisitions-ceo-2022-12-28/ |access-date=13 October 2023 |work=Reuters |date=28 December 2022 }}|</ref>|
   | Herbert Diess (Chairman of the [[supervisory board]])|ref|{{cite web |url=https://www.infineon.com/dgdl/CV-Dr.-Herbert-Diess-deutsch.pdf?fileId=8ac78c8b85ecb0c401865b575dc000b8 |title=Dr. Herbert Diess |date=17 February 2023 |access-date=1 December 2024 }}|</ref>|}}",[[Semiconductor industry|Semiconductor]],"{{unbulleted list
   | [[Microcontroller]]s
   | [[Telecommunication]]s
   | [[Integrated circuit]]s
   | [[Power electronics]]
   | [[Transient-voltage-suppression diode]]s}}",{{Decrease}} {{€|14.662&nbsp;billion|link|=|yes}} (2025),{{Decrease}} {{€|1.515&nbsp;billion}} (2025),{{Decrease}} {{€|1.015&nbsp;billion}} (2025),{{Increase}} {{€|30.47&nbsp;billion}} (2025),{{Decrease}} {{€|17.051&nbsp;billion}} (2025),"57,077 (2025)",,{{start date and age|df|=|yes|1999|04|01}},{{URL|https://www.infineon.com/|infineon.com}},Infineon Technologies,,,,,,,,,,,,1.1,,,,,,,,{{Unbulleted list|Automotive|Green Industrial Power|Power & Sensor Systems|Connected Secure Systems}},,,,,,,,,,,,,1.0,,,,,,,,
ING Groep N.V.,,ING Group N.V. Logo.svg,,,2020 ING Bijlmerdreef 106 (1).jpg,250px,"ING's headquarters in [[Amsterdam]], Netherlands",[[Public company|Public]],{{EuronextAmsterdam|INGA|NL0011821202|XAMS}} <br /> {{NYSE|ING}} <br />[[AEX index|AEX]] component,,,,"Europe, Asia, [[Oceania]], North America, South America",{{unbulleted list|Steven van Rijswijk ([[chief executive officer|CEO]])|Tanate Phutrakul ([[chief financial officer|CFO]])|[[Hans Wijers]] ([[chairman]] of the [[supervisory board]])}},[[Financial services]],{{ubl | [[Asset management]] | [[Banking]] | [[Commodities]] | [[Credit card]]s | [[Equities trading]] | [[Insurance]] | [[Investment management]] | [[Mortgage loan]]s | [[Mutual funds]] | [[Exchange-traded fund]]s | [[Index fund]]s | [[Private equity]] | [[Risk management]] | [[Wealth management]]}},[[Euro|€]]18.561 billion <small>(2022)</small>,€5.5 billion <small>(2022)</small>,€3.78 billion <small>(2022)</small>,€1.1 trillion <small>(Q3 2025)</small>,€50.4 billion <small>(2022)</small>,"60,778 <small>(2022)</small>",AFP Capital<br />[[Bank Mendes Gans]]<br />Makelaarsland and The Baring Archive,1991 through merger <br /><small>(est. 1743 as ''Kooger Doodenbos'')</small>,{{URL|ing.com}},ING Group,,,,,{{ISIN|sl|=|n|pl|=|y|NL0011821202}},,,,,,"[[Amsterdam]], Netherlands",,,,,,,,,,,,,,,,,,,,,,,,,,,,,,
Intesa Sanpaolo S.p.A.,,,250px,,Grattacielo_Intesa_San_Paolo_-_panoramio_(3).jpg,,Headquarters building in [[Turin]],[[Public company|Public]],{{ISE|IT0000072618|ISP}} <br />[[FTSE MIB|FTSE MIB Component]],,,,,"{{unbulleted list
  |[[Gian Maria Gros-Pietro]] (chairman)
  |[[Carlo Messina]] (CEO)}}",[[Financial services]],{{ubl | [[Asset management]] | [[Banking]] | [[Commodities]] | [[Credit card]]s | [[Equities trading]] | [[Insurance]] | [[Investment management]] | [[Mortgage loan]]s | [[Mutual funds]] | [[Exchange-traded fund]]s | [[Index fund]]s | [[Private equity]] | [[Risk management]] | [[Wealth management]]}},,{{increase}} €21.47 [[billion]],{{increase}} €4.35&nbsp;[[billion]],"{{increase}} €944,024 [[billion]] (Q3 2025)",,{{decrease}} 95574,isybank,,{{URL|https://www.intesasanpaolo.com/}},Intesa Sanpaolo,{{start date and age|2007|1}} (merger),,,2022,{{ISIN|sl|=|n|pl|=|y|IT0000072618}},{{Unbulleted list | [[Banca Intesa]] | [[Sanpaolo IMI]]}},,,"{{aligned table | 4,565 branches | 3,611 in Italy | 954 abroad}}",,"[[Grattacielo Intesa Sanpaolo]], [[Turin]], Italy",,,,2022,2022,,,Fondazione Compagnia di San Paolo (6.5%)<br>[[Fondazione Cariplo]] (5.26%),,in [[consolidated financial statement]]; other source,{{increase}} [[€]]430 [[billion]] {{small|(2022)}},,,,,,,,,,,,,,,{{Unbulleted list|[[Italy]]|[[Eastern Europe#Central Europe|Central-Eastern Europe]]|[[Egypt]]}},"{{increase}} 13.26% (Group CET1, end 2024)","{{aligned table|BBB|(Fitch, 2022)|ref| name=""FitchRating""|{{cite web |url=https://www.fitchratings.com/research/banks/fitch-affirms-intesa-sanpaolo-at-bbb-outlook-stable-29-11-2022|title=Fitch Affirms Intesa Sanpaolo at'BBB', Outlook Stable|language=|publisher=|access-date=17 July 2023}}|</ref>|baa1 |(Moody's, 2022)|ref| name=""moodys""|{{cite web |url=https://www.finanza.com/news/banche-moodys-allinea-outlook-a-quello-sovrano-intesa-sanpaolo-bper-unicredit-credem-e-carige|title=Banche, Moody's allinea outlook a quello sovrano: Intesa Sanpaolo, Bper, UniCredit, Credem e Carige|language=it|publisher=|access-date=17 July 2023}}|</ref>}}",,
L'Oréal S.A.,,[[File:L'Oréal logo.svg|frameless|250px|class=skin-invert]],,,Extension siège L'Oréal (43707042205).jpg,250px,"L'Oréal's headquarters in [[Clichy, Hauts-de-Seine|Clichy]], France",[[Public company|Public]],{{EuronextParis|OR|FR0000120321}} <br />[[CAC 40]] component,[[Eugène Schueller]],"[[Clichy, Hauts-de-Seine|Clichy]]",France,Worldwide,{{ubl|[[Jean-Paul Agon]] ([[chairman]])|Jean Victor Meyers ([[vice-chairman]])|[[Nicolas Hieronimus]] ([[Chief executive officer|CEO]])}},Consumer goods,{{hlist|Cosmetics|skin care|perfume}},{{increase}} €43.48 billion (2024),{{increase}} €8.68 billion (2024),{{increase}} €6.40 billion (2024),{{increase}} €56.35 billion (2024),{{increase}} €33.13 billion (2024),"90,000 (2024)","{{Plainlist|
* AcneFree
* [[Aesop (brand)|Aesop]]
* Ambi
* [[CeraVe]]
* [[Garnier]]
* [[Helena Rubinstein Incorporated]]
* [[Kiehl's]]
* [[Lancôme]]
* Matrix Essentials
* [[Maybelline]]
* [[NYX Cosmetics]]}}",{{start date and age|df|=|yes|1909|07|30}},{{URL|https://www.loreal.com/en/|loreal.com}},L'Oréal,,,,,{{ISIN|sl|=|n|pl|=|y|FR0000120321}},,,,,,,,,,,,,,,,,,,,,,,,,,,,,,,,,,,,
LVMH Moët Hennessy Louis Vuitton SE,,[[File:LVMH wordmark.svg|frameless|class=skin-invert]],,,22 avenue Montaigne Paris.jpg,250px,"Headquarters in Paris, France",[[Public company|Public]],{{Unbulleted list |EuronextParis|MC|FR0000121014|XPAR| |[[CAC 40]] component}} {{EuronextParis|MC|FR0000121014|XPAR}},,,,Worldwide,[[Bernard Arnault]] {{small|([[chairman]] and [[Chief executive officer|CEO]])}} <br /> Stéphane Bianchi {{small|(Group Managing Director)}} <br /> [[Antoine Arnault]] {{small|(Director; CEO of [[Dior|Christian Dior SE]])}} <br /> [[Delphine Arnault]] {{small|(Director; CEO of Christian Dior Couture)}},[[Luxury goods]],{{hlist|[[Clothing]]|[[cosmetics]]|[[Fashion accessory|fashion accessories]]|[[Jewellery|jewelry]]|[[perfume]]s|[[Distilled beverage|spirits]]|[[watch]]es|[[wine]]s}},{{decrease}} [[Euro|€]]84.7 billion (2024),{{decrease}} €18.9 billion (2024),{{decrease}} €12.6 billion (2024),{{increase}} €149.2 billion (2024),{{increase}} €69.3 billion (2024),"{{increase}} 215,000 (2024)",[[#Subsidiaries|List of subsidiaries]],{{Start date and age|1987|6|3|df|=|y}},,LVMH Moët Hennessy Louis Vuitton,,{{ubl|Alain Chevalier|[[Henry Racamier]]}},[[Department stores]],,{{ISIN|sl|=|n|pl|=|y|FR0000121014}},{{ubl|[[Moët & Chandon]]|[[Hennessy]]|[[Louis Vuitton]]}},"22 [[Avenue Montaigne]]<br />Paris, France",,"{{increase}} 6,307 stores (2024)",{{URL|https://www.lvmh.com/}},,,,,,,,,,,Financials {{as of|2024|12|31|lc|=|y|df|=|US}} .<br />References:,,,,,"{{ubl|
*[[Dior|Christian Dior SE]] and the Arnault family|ref| name=finance|{{cite web |url=https://www.dior-finance.com/en/historique-copie-en.html |title=History |publisher=Christian Dior Finance website |access-date=2024-11-01}}|</ref>| (48.6% of shares, 64.33% of votes)
*[[Public float]] (51.4% of shares; 2023)|ref| name=Euronext|{{cite web |url=https://live.euronext.com/en/product/equities/FR0000121014-XPAR/company-information |title=LVMH |publisher=Euronext Paris |access-date=December 10, 2024}}|</ref>|}} (48.6% of shares, 64.33% of votes)
*[[Public float]] (51.4% of shares; 2023)",,LVMH Moët Hennessy Louis Vuitton [[S.A. (corporation)|SA]] (1987–2015),,,,,,,,LVMH,,,,,
Mercedes-Benz Group AG,"{{ubl
|Daimler-Benz AG (1926–1998)
|DaimlerChrysler AG (1998–2007)
|Daimler AG (2007–2022)}}",[[File:Mercedes-Benz Group black.svg|frameless|class=skin-invert]],250px,,Stuttgart-Untertuerkheim-DC-Zentrale.jpg,250px,"Central headquarters in Mercedes-Benz complex Untertürkheim, Stuttgart",[[Public company|Public]],{{Unbulleted list|FWB|MBG|[[DAX]] component}} {{FWB|MBG}},,[[Stuttgart]],Germany,Worldwide,{{unbulleted list|[[Ola Källenius]] (chairman of the management board)|[[Martin Brudermüller]] (chairman of the supervisory board)}},[[Automotive industry|Automotive]],"[[Automobile]]s, [[commercial vehicle]]s",{{decrease}} €145.6&nbsp;billion (2024),{{decrease}} €13.60&nbsp;billion (2024),{{decrease}} €10.41&nbsp;billion (2024),{{increase}} €265.0&nbsp;billion (2024),{{increase}} €93.63&nbsp;billion (2024),"{{increase}} 175,264 (2024)","{{Collapsible list|title|=|List|
'''Transportation'''
* [[Mercedes-Benz Mexico]]
* [[Cooperation Manufacturing Plant Aguascalientes|COMPAS]] (50%)
* [[Beijing Benz]] (49%)
* [[Fujian Benz]] (34%)
* [[Mercedes-Benz India]]
* [[Smart (marque)|Smart]] (50%)
* Mercedes-Benz Cars Middle East
* [[Manufacturing Commercial Vehicles]]
'''Motorsports'''
* [[Mercedes-Benz in Formula One|Mercedes-AMG Petronas Formula One Team]] (33.3%)
'''Engines'''
* Engine Holding
'''Finances'''
* [[Mercedes-Benz Mobility]]
** [[Mercedes-Benz Bank]]
** Mercedes-Benz Financial
'''Other'''
* [[Here (company)|Here]]}}",{{start date and age|df|=|yes|1926|6|28}} (original foundation of Daimler-Benz)<br /> {{start date and age|df|=|yes|2007|8|3}} (foundation of Daimler AG),{{URL|group.mercedes-benz.com}},Mercedes-Benz Group,,[[Carl Benz]]<br>[https://de.wikipedia.org/wiki/Wilhelm%20Kissel Wilhelm Kissel] <br>[[Emil Georg von Stauß]] {{sfn|Reuss|Esslinger|2023|p|=|88}},,,,"{{plain list|
* [[Benz & Cie.]] (1883–1926)
* [[Daimler Motoren Gesellschaft]] (1890&ndash;1926)}}",,,,,,,,,,,,,,,,,,,{{decrease}} 2.389 million (2024 sales),"{{unbulleted list |Institutional investors (52.7%)|Private shareholders (22.8%)|[[BAIC Group]] (9.98%)|ref|{{cite web |title=Daimler welcomes commitment by long-term partner BAIC |url=https://www.daimler.com/company/news/211213-baic.html |website=Mercedes-Benz Group |access-date=8 February 2022 |archive-date=16 January 2022 |archive-url=https://web.archive.org/web/20220116190514/https://www.daimler.com/company/news/211213-baic.html |url-status=dead }}|</ref>|Tenaciou3 Prospect Investment Limited ([[Li Shufu]]) (9.7%)|ref| name=""auto1""|{{cite web | url=https://group.mercedes-benz.com/investors/share/shareholder-structure/ | title=Shareholder Structure }}|</ref>|[[Kuwait Investment Authority]] (6.8%)}}","{{plainlist|
* [[Mercedes-Benz]]
* [[Mercedes-EQ]]
* [[Mercedes-Maybach]]
* [[Mercedes-AMG]]
* [[Smart (marque)|Smart]]}}",,,,,,,,,,,,,,
Munich Re Group,,Munich Re.svg,,,,,,''[[Aktiengesellschaft]]'',{{FWB|MUV2}} <br />[[DAX|DAX Component]],,,,Worldwide,"[https://www.munichre.com/en/group/company/board-of-management/members/curriculum-vitae/curriculum-vitae-wenning/index.html Joachim Wenning] (chairman of the Board of Management), [[Nikolaus von Bomhard]] ([[chairman]] of the [[supervisory board]])",[[Financial services]],{{ubl|[[Insurance]] |[[General insurance]] |[[Health insurance]] |[[Vehicle insurance]] |[[Travel insurance]] |[[Home insurance]] |[[Life insurance]] | [[Reinsurance]] |[[Mortgage loan]]s |[[Investment management]] | [[Asset management]]}},€67.1 billion (2022),€3.58 billion (2022),€3.41 billion (2022),€298.5 billion (2022),€21.2 billion (2022),"41,389 (2022)",[[Ergo Group]]<br>[https://de.wikipedia.org/wiki/MEAG MEAG]<br>[[HDFC ERGO General Insurance Company]],,{{url|https://www.munichre.com/}},Munich Re,{{start date and age|1880|04|03|df|=|y}},,,,,,,,,,"[[Munich]], Germany",,,,,,,,,,,,,,,,,,,,,,,,,Munich Re,,,,''Münchener Rückversicherungs-Gesellschaft Aktiengesellschaft in München'',
Nordea Bank Abp,"Merita Bank, Unibank, Nordbanken, Kreditkassen",,,,0661 Nordea Helsinki.JPG,250px,"The global headquarters of Nordea is located in [[Vallila]], [[Helsinki]]",[[Osakeyhtiö#Julkinen osakeyhtiö|Public limited company (Publikt Aktiebolag)]],{{ubl|OMX|HEX150235|NDA FI|OMX|SSE160271|NDA SE|OMX|CSE160272|NDA DK}} {{OMX|HEX150235|NDA FI}} {{OMX|SSE160271|NDA SE}} {{OMX|CSE160272|NDA DK}},[[Hans Dalborg]],,,,{{ubl|ILL|Stephen Hester|sv| ([[chair (official)|Chairman]])|ref|{{cite web |title=Nordea Corporate Governance |url=https://www.nordea.com/en/about-us/corporate-governance/board-of-directors/sir-stephen-hester |website=www.nordea.com |publisher=Nordea |access-date=13 August 2024}}|</ref>| | |ILL|Frank Vang-Jensen|sv| (President and [[chief executive officer|CEO]])|ref|[https://www.nordea.com/sv/om-nordea/bolagsstyrning/styrelse/styrelsens-ledamoter/ Styrelsens ledamöter] Nordea.com. Retrieved 2020-10-22|</ref>}} {{ILL|Stephen Hester|sv}} ([[chair (official)|Chairman]]) {{ILL|Frank Vang-Jensen|sv}} (President and [[chief executive officer|CEO]]),,"Corporate and [[retail bank]]ing, [[investment management|asset management]]",,,,,{{#invoke:WikidataIB |getValue |rank|=|best |P2137 |name|=|assets |qual|=|P585 |fetchwikidata|=|fetchwikidata|ALL| |onlysourced|=|yes |noicon|=|noicon|no| |maxvals|=|1 |equity| |#if:|equity_year| | (|equity_year|)|}} {{#if:|equity_year| | (|equity_year|)}} ),,,1820 as [[Sparekassen for Kjøbenhavn og Omegn]],{{URL|http://www.nordea.com/}},Nordea,,,,,,,,,,,"[[Helsinki, Finland]]",,,,,,,,,,,{{#invoke:WikidataIB |getValue |rank|=|best |P4103 |name|=|aum |qual|=|P585 |fetchwikidata|=|fetchwikidata|ALL| |onlysourced|=|yes |noicon|=|noicon|no| |maxvals|=|1 |aum| |#if:|aum_year| | (|aum_year|)|}} {{#if:|aum_year| | (|aum_year|)}} ),,,,,,,,,,,,,,,,17.0%,AA ([[Fitch Ratings]]),Nordea Bank Abp,sv
Prosus N.V.,Myriad International Holdings,Prosus logo.svg,150px,,,,,[[Public company|Public]],{{EuronextAmsterdam|PRX|NL0013654783|XAMS}} <br> {{JSE|PRX}} <br>[[A2X Markets|A2X]]: PRX<br>[[AEX index|AEX]] component,[[Naspers]],[[Amsterdam]],Netherlands,Worldwide,[[Koos Bekker]]<br>([[Chairman]])<br>Fabricio Bloisi ([[CEO]]) <br>Basil Sgourdos<br>([[CFO]]),[[Investments]],,{{increase}} [[United States dollar|$]]6.17 billion <small>(2025)</small>,{{increase}} $173 million <small>(2025)</small>,{{increase}} $12.36 billion <small>(2025)</small>,{{increase}} $72.58 billion <small>(2025)</small>,{{increase}} $51.12 billion <small>(2025)</small>,"20,882 <small>(2024)</small>",,{{start date and age|df|=|yes|1997|4|3}},{{URL|Prosus.com}},Prosus,,,,,{{ISIN|sl|=|n|pl|=|y|NL0013654783}},,,,,,,,,,,,,,,,,,,,,,,,[[Naspers]],,,,,,,,,,,,
Rheinmetall AG,,Rheinmetall Logo 2021.svg,220px,,Rheinmetall Zentrale Düsseldorf.jpg,,Rheinmetall's head office in Düsseldorf,[[Public company|Public]] ( {{lang|de|[[Aktiengesellschaft]]}} ),"{{Unbulleted list
  | |FWB|RHM|
  | |FWB|RHMB| ([[American Depositary Receipt|ADR]])
  | |OTC Pink|type|=|current|RNMBF|
  | |OTC Pink|type|=|current|RNMBY| ([[American Depositary Receipt|ADR]])
  | [[DAX]] component (RHM)}} {{FWB|RHM}} {{FWB|RHMB}} ([[American Depositary Receipt|ADR]]) {{OTC Pink|type|=|current|RNMBF}} {{OTC Pink|type|=|current|RNMBY}} ([[American Depositary Receipt|ADR]])",[[Lorenz Zuckermandel]],,,,"{{Unbulleted list
  | [[Armin Papperger]] (CEO and chairman of the [[executive board]])
  | [[Ulrich Grillo]] (Chairman of the [[supervisory board]])}}",[[Arms industry|Defence]],"[[Automotive parts]], [[military vehicle]]s, [[autocannon]]s, [[ATGMs]], [[anti-aircraft defence system]]s, artillery, mortars, tank guns, munitions, [[ammunition]], [[fuze]] systems, electronics, [[naval ships]]",{{increase}} {{€|9.751}} &nbsp;billion (2024),{{increase}} {{€|1.478}} &nbsp;billion (2024),{{increase}} {{€|808}} &nbsp;million (2024),{{increase}} {{€|14.344}} &nbsp;billion (end 2024),{{increase}} {{€|4.465}} &nbsp;billion (end 2024),{{increase}} 40.000 (2025),"{{Unbulleted list
  | [[Rheinmetall BAE Systems Land]] (55%)
  | [[Rheinmetall MAN Military Vehicles]] (51%)
  | [[Blohm+Voss]]}}",{{start date and age|df|=|yes|1889|4|13}},{{Official URL}},Rheinmetall,,,,,{{ubl|ISIN|sl|=|n|pl|=|y|DE0007030009|ISIN|sl|=|n|pl|=|y|US76206K1079}} {{ISIN|sl|=|n|pl|=|y|DE0007030009}} {{ISIN|sl|=|n|pl|=|y|US76206K1079}},,,Germany,,,,,,,,,,,,,,,[[Düsseldorf]],,,,,,,,,,,,,,,,,,
Safran S.A.,,Safran_logo.svg,250px,,Usine_Safran-Albany2.JPG,250px,,[[Public company|Public]],{{EuronextParis|SAF|FR0000073272|XPAR}} <br/>[[CAC 40]] component,,[[Paris]],France,,{{interlanguage link|Olivier Andriès|fr}} ([[Chief executive officer|CEO]])<br/>[[Ross McInnes]] ([[chairman]]),[[Aerospace industry|Aerospace]]<br/>[[Defence industry|Defence]],"[[Aircraft engine]]s, equipment, and interiors, defence [[electronics]], [[avionics]], [[navigation system]], communications systems, [[satellite]]s",{{increase}} [[Euro|€]]27.31 billion (2024),{{increase}} €4.11 billion (2024),{{increase}} €3.06  billion (2024),{{increase}} €55.01 billion (end 2024),{{decrease}} €10.72 billion (end 2024),"91,984 (2023)","[[OEMServices]] <br/>[[Safran Aero Boosters]]<br/>[[Safran Aerosystems]]<br/>[[Safran Aircraft Engines]]<br/>[[Safran Cabin]]<br/>[[Safran Ceramics]]<br/>[[Safran Electrical & Power]]<br/>[[Safran Electronics & Defense]]<br/>[[Safran Helicopter Engines]]<br/>[[Safran Landing Systems]]<br/>[[Safran Nacelles]]<br/>[[Safran Passenger Solutions]]<br/>[[Safran Seats]]<br/>[[Safran Transmission Systems]]<br/>[[ArianeGroup]] (50% ownership)
<br/>[[PowerJet]] (50% ownership)",{{Start date and age|2005|5|11|df|=|y}},{{URL|https://safran-group.com/}},Safran,,,,,,,,,,,,,"[[Snecma]], [[Sagem]]",,,,,,,,,,,,,,,,,,,,,,,,,,,,
Compagnie de Saint-Gobain S.A.,,Saint-Gobain logo.svg,,,,,,[[S.A. (corporation)|Société Anonyme]],{{Unbulleted list|EuronextParis|SGO|FR0000125007|XPAR|[[CAC 40]] component|[[Euro Stoxx 50]] component}} {{EuronextParis|SGO|FR0000125007|XPAR}},,"[[La Défense]], [[Courbevoie]] ([[Hauts-de-Seine]])",France,Worldwide,{{unbulleted list| [[Pierre-André de Chalendar]] ([[chairman]]) |[[Benoît Bazin]] ([[chief executive officer|CEO]])}},[[Building material]]s,"[[List of building materials|Construction materials]] production and retail, glass, [[ceramic]]s, plastics, [[abrasive]]s, [[Drywall|gypsum plasterboards]]",{{decrease}} [[Euro|€]]47.94 billion (2023),{{decrease}} €5.251 billion (2023),{{decrease}} €2.756 billion (2023),{{increase}} €57.30 billion (2023),{{increase}} €23.76 billion (2023),"159,145 (2023)",,{{start date and age|df|=|yes|1665}},{{URL|saint-gobain.com}},Saint-Gobain,,,,,{{ISIN|sl|=|n|pl|=|y|FR0000125007}},,,,,,,,,,,,,,,,,,,,,,,,,,,,,,,,,,,,
Sanofi S.A.,"{{Plainlist|
* Sanofi-Synthélabo<br />(1999–2004)
* Sanofi-Aventis<br />(2004–2011)}}",Sanofi-2022.svg,,,,,,[[Public company|Public]],{{ubl|EuronextParis|SAN|FR0000120578|NASDAQ|SNY|[[CAC 40]] component}} {{EuronextParis|SAN|FR0000120578}} {{NASDAQ|SNY}},,,,Worldwide,{{ubl|[[Serge Weinberg]] ([[chairman]])|[[Paul Hudson (businessman)|Paul Hudson]] ([[Chief executive officer|CEO]])}},{{Unbulleted list|[[Pharmaceutical industry|Pharmaceuticals]]|[[Biotechnology]]|[[Healthcare industry|Healthcare]]}},"[[Medication]]s, [[generic drug]]s, [[over-the-counter drug]]s, [[vaccine]]s, [[Medical diagnosis|diagnostics]], [[contact lens]]es, [[Veterinary medicine|animal health]] ([[#Products|list...]])",{{increase}} {{€|41.08 billion|link|=|yes}},{{increase}} €7.252 billion,{{increase}} €5.618 billion,{{increase}} €132.8 billion,{{increase}} €77.86 billion,"82,878","{{Plainlist|
* [[Sanofi Pasteur]]
* [[Genzyme]]
* [[Shantha Biotechnics]]
* [[Chattem]]
* [[Ablynx]]
* [[Bioverativ]]
*}}",{{Start date and age|1973|2|15|df|=|yes}},{{URL|sanofi.com}},Sanofi,,,,2024,{{ISIN|sl|=|n|pl|=|y|FR0000120578}},,"[[Paris]], France",,,,,,,2024,2024,2024,2024,2024,,,,,,,,,,,,,,,,,,,,,,,
SAP SE,,SAP 2011 logo.svg,,,,,,[[Public company|Public]],{{Unbulleted list|FWB|SAP|FWB|SAPA| ([[American Depositary Receipt|ADR]])|NYSE|SAP| ([[American Depositary Receipt|ADR]])|[[DAX]] component}} {{FWB|SAP}} {{FWB|SAPA}} ([[American Depositary Receipt|ADR]]) {{NYSE|SAP}} ([[American Depositary Receipt|ADR]]),,"[[Walldorf]], [[Baden-Württemberg]]",Germany,Worldwide,"{{Unbulleted list|[[Pekka Ala-Pietilä]] ([[chairman]]|ref| name=""supervisory_board""|{{cite web|url=https://www.sap.com/investors/en/governance/supervisory-board.html|title=Supervisory Board SAP SE |publisher=SAP SE |access-date=19 May 2024}}|</ref>|)|[[Christian Klein]] ([[Chief executive officer|CEO]])}} )",{{Unbulleted list|[[Enterprise software]]|[[Business software]]|[[Cloud computing]]|[[Consulting]]}},{{hlist|SAP AppGyver|[[SAP S/4HANA]] |[[SAP HANA]] |[[SAP ERP]] |[[SAP CRM]] |[[SAP PLM]] |[[SAP SCM]] |[[SAP SRM]] |[[SAP SuccessFactors]] |[[SAP NetWeaver]] |[[SAP Business ByDesign]] |[[SAP Business One]] |[[BusinessObjects]] | [[SAP IQ]] |[[SAP Ariba]] |[[ABAP]] |[[SAP Cloud Platform]] |[[SAP Converged Cloud]] |('''[[List of SAP products|Full list]]''')}},{{Increase}} [[Euro|€]]34.18&nbsp;billion (2024),{{Decrease}} €4.665&nbsp;billion (2024),{{Decrease}} €3.150&nbsp;billion (2024),{{Increase}} €74.12&nbsp;billion (2024),{{Increase}} €45.81&nbsp;billion (2024),"109,973 (2024)",,"{{start date and age|1972}} in [[Weinheim]], [[West Germany]]",{{URL|https://www.sap.com/|sap.com}},SAP,,{{Unbulleted list|[[Dietmar Hopp]]|Hans-Werner Hector|[[Hasso Plattner]]|[[Klaus Tschira]]|[[Claus Wellenreuther]]}},{{hlist|[[Application software|Applications]]|[[Cloud computing|Cloud]]}},,{{Unbulleted list|ISIN|sl|=|n|pl|=|y|DE0007164600|ISIN|sl|=|n|pl|=|y|US8030542042}} {{ISIN|sl|=|n|pl|=|y|DE0007164600}} {{ISIN|sl|=|n|pl|=|y|US8030542042}},,,,,,,,,,,,,,,,,,,,,,,,,,,,,,,,,,,,
Schneider Electric SE,,[[File:Schneider Electric 2007.svg|250px]],,,Schneider Elec HQ day.jpg,270px,Schneider Electric head office in Rueil-Malmaison,[[Public company|Public]],{{Unbulleted list|EuronextParis|SU|FR0000121972|XPAR|[[CAC 40]] component}} {{EuronextParis|SU|FR0000121972|XPAR}},,,,Worldwide,{{ubl|[[Olivier Blum]] ([[Chief executive officer|CEO]])|[[Jean-Pascal Tricoire]] ([[chairman]])|[[Léo Apotheker]] (director)}},[[Electrical equipment]],"[[Building automation]], [[home automation]], [[switch]]es, and sockets, [[plant process and emergency shutdown systems]], [[industrial control system]]s, [[electric power distribution]], [[electrical grid]] automation, [[smart grid]], [[APC by Schneider Electric|critical power & cooling]] for datacenters",{{increase}} {{€|38.15 billion|link|=|yes}} (2024),{{increase}} {{€|6.44 billion}} (2024),{{increase}} {{€|4.43 billion}} (2024),{{increase}} {{€|65.94 billion}} (2024),{{increase}} {{€|31.28 billion}} (2024),"153,121 (2023)","Luminous Power Technologies Pvt Ltd., [[invensys]], [[SolveIT Software]], [[APC by Schneider Electric|APC]], Areva T&D, BEI Technologies, Cimac, [[Citect]], [[Clipsal]], ELAU, Federal Pioneer, Merlin Gerin, Merten, Modicon PLC, Lauritz Knudsen, Nu-Lec Industries, PDL Group, Power Measurement, [[Square D]], [[TAC (building automation)|TAC]], Telemecanique, [[Telvent]], Zicom, Summit, Xantrex",{{start date and age|1836|df|=|yes}} <br>(as [[Schneider & Cie]]),{{official URL}},Schneider Electric,,{{Unbulleted list|[[Eugène Schneider]]<br>[[Adolphe Schneider]]}},,,,,,,,,"[[Rueil-Malmaison]], France",,,,,,,,,,,,,,,,,,,,,,,,,,,,,,
Siemens AG,,Siemens AG logo.svg,,,"The Wings, Siemens HQ Munich, April 2017.jpg",,Headquarters in [[Munich]],[[Public company|Public]],{{ubl|FWB|SIE|[[DAX]] component}} {{FWB|SIE}},[[Werner von Siemens]],,,Worldwide,{{Unbulleted list|[[Roland Busch]] (CEO)|[[Jim Hagemann Snabe]] (chairman)}},[[Conglomerate (company)|Conglomerate]],"industrial automation, drive technology, building technology, energy technology, financial services, medical technology, mobility services, software",{{Increase}} €75.93&nbsp;billion (2024),{{Increase}} €11.23&nbsp;billion (2024),{{Increase}} €8.992&nbsp;billion (2024),{{Increase}} €147.8&nbsp;billion (2024),{{Increase}} €51.26&nbsp;billion (2024),"327,000 (2024)",,"{{Start date and age|df|=|yes|1847|10|01}} <br />[[Berlin]], [[Kingdom of Prussia]]",{{URL|https://www.siemens.com/|siemens.com}},Siemens,,,,,{{ISIN|sl|=|n|pl|=|y|DE0007236101}},{{Unbulleted list|[[Siemens & Halske]]|[[Siemens-Schuckert]]|[[Siemens-Reiniger-Werke]]}},,,,,"[[Munich]], Germany",1.1,,,,,,,[[Siemens family]] (6.9%),"{{Plainlist|
* [[Siemens Digital Industries]]
* [[Siemens Smart Infrastructure]]
* [[Siemens Mobility]]
* [[Siemens Financial Services]]}}",,,,,,,,,,,,,1.1,,,,,,,,
Siemens Energy AG,,Siemens Energy logo.svg,,,,,,''[[Aktiengesellschaft]]'',{{FWB|ENR}} <br/>[[DAX|DAX Component]],,,,,[[Joe Kaeser]]<br> {{small|(Chairman)}} <br>Christian Bruch<br> {{small|(Chief Executive Officer)}} <br>Maria Ferraro<br> {{small|(Chief Financial Officer)}} <br>Tim Holt<br> {{small|(Executive Vice President)}} <br>Anne-Laure de Chammard<br> {{small|(Executive Vice President)}} <br>Karim Amin<br> {{small|(Executive Vice President)}} <br>Vinod Philip<br> {{small|(Executive Vice President)}},[[Energy development]],,€34.5 billion (2024),€2.125 billion (2024),€1.335 billion (2024),€50.874 billion (2024),,"102,000 (2025)",[[Siemens Gamesa]],{{Start date and age|df|=|yes|2020|04|01}} <br />[[Munich]],{{URL|https://www.siemens-energy.com/}},Siemens Energy,,,,,,"{{plainlist|
* [[Siemens Energy Sector]]
* [[Siemens|Siemens Gas and Power]]}}",,,,,"[[Munich]], [[Germany]]",,,,,,,,,"Gas Services, Grid Technologies, Transformation of Industry and Wind Power (Siemens Gamesa)",,,,,,"{{plainlist|
* [[Siemens|Siemens AG]] (6%)
* Siemens Pension-Trust (11%)
* [[Siemens family]] (3%)}}",,,,,,,,,,,,,,,
TotalEnergies SE,Total SE,TotalEnergies logo.svg,,,Tour-Total.jpg,,"[[Tour Total]] in [[Courbevoie]], [[France]], the headquarters of TotalEnergies",[[Public company|Public]],{{Unbulleted list|EuronextParis|TTE|FR0000120271|XPAR|NYSE|TTE| (ADR)|[[CAC 40]] component}} {{EuronextParis|TTE|FR0000120271|XPAR}} {{NYSE|TTE}} (ADR),,,,Worldwide,[[Patrick Pouyanné]] ([[chairman]] & [[Chief executive officer|CEO]]),[[Energy industry|Energy]]: [[Oil and gas industry|Oil and gas]],{{hlist|[[Petroleum]]|[[natural gas]]|[[LNG]]|[[Oil refinery|oil refining]]|[[chemical substance|chemicals]]|[[Solar energy|solar]]|[[biomass]]}},{{Decrease}} {{US$|237.1 billion|link|=|yes}} (2023),{{Decrease}} {{US$|33.43 billion}} (2023),{{Increase}} {{US$|21.51 billion}} (2023),{{Decrease}} {{US$|283.6 billion}} (2023),{{Increase}} {{US$|119.4 billion}} (2023),"102,579 (2023)",,{{Start date and age|1924|03|28|df|=|y}},{{URL|https://totalenergies.com/}},TotalEnergies,,,[[Filling station|Fuel stations]],,{{ISIN|sl|=|n|pl|=|y|FR0000120271}},,,,,,"[[Tour Total]], [[Courbevoie]], France",,,,,,,,,,,,,,,,,,,,,,,,,,,,,,
VINCI SA,,Vinci logo.svg,,,Vinci headquarters at Nanterre - 2021-07-11.jpg,,"Vinci headquarters in [[Nanterre]], near [[Paris]] (2021)",[[Public company|Public]] ([[S.A. (corporation)|''Société Anonyme'']]),{{EuronextParis|DG|FR0000125486|XPAR}} <br>[[CAC 40]] component,,[[Nanterre]],France,Worldwide,[[Xavier Huillard]] <small>(Chairman)</small><br />Pierre Anjolras <small>(CEO)</small>,[[Construction industry|Construction]],,{{increase}} €68.8 billion <small>(2023)</small>,{{increase}} €8.3 billion <small>(2023)</small>,{{increase}} €4.7 billion <small>(2023)</small>,{{increase}} €118.5 billion <small>(2023)</small>,{{increase}} €32 billion <small>(2023)</small>,"280,000 <small>(2024)</small>",,{{start date and age|1899}},[https://www.vinci.com www.vinci.com],Vinci SA,,Alexandre Giros<br />[[Louis Loucheur]],"Infrastructure and property construction, transport infrastructure [[Concession (contract)|concessions]] (motorways, tunnels, airports, bridges), [[energy industry|energy]] infrastructure and services",,,,1973 blvd de la Défense,,,,,,,,,,,,,"Vinci Autoroutes (Autoroutes du Sud de la France, Cofiroute, Escota, Arcour), Vinci Concessions (airports, stadiums, highways), Vinci Energies, Cobra IS, Vinci Construction",,,,,,,,,,,,,,,,,,,,,
UniCredit S.p.A.,UniCredito Italiano S.p.A.,Unicredit logo.svg,,,UniCredit_tower_Milan.jpg,,"[[Unicredit Tower]], the company's headquarters in [[Porta Nuova (Milan)|Porta Nuova]], [[Milan]]",[[Public company|Public]],{{ubl|ISE|IT0005239360|UCG|FWB|CRI|isin|=|IT0005239360|WSE|UCG|isin|=|IT0005239360|[[FTSE MIB]] component}} {{ISE|IT0005239360|UCG}} {{FWB|CRI|isin|=|IT0005239360}} {{WSE|UCG|isin|=|IT0005239360}},,[[Milan]],Italy,,{{ubl|[[Pier Carlo Padoan]] ([[Chairperson|chairman]])|[[Andrea Orcel]] ([[Chief executive officer|CEO]])}},[[Financial services]],{{ubl|[[retail bank|Retail]] and [[private banking]]|[[Commercial bank|Corporate]] and [[investment banking]]|[[finance lease|Finance leasing]]|[[Factoring (finance)|Factoring]]|[[Insurance]] (via [[joint venture]])}},{{increase}} [[Euro|€]]24.844 billion (2024),{{increase}} €15.439 billion (2024),{{increase}} €9.719 billion (2024),"{{decrease}} €880,555 billion (Q3 2025)",{{increase}} €64.4 billion (2024),"{{decrease}} 69,722 (2024)",,{{start date and age|1998}},,UniCredit,,,,,{{ISIN|sl|=|n|pl|=|y|IT0005239360}},,,,,{{URL|https://www.unicreditgroup.eu/}},[[Unicredit Tower]],,{{unbulleted list|[[UniCredito]]|[[Credito Italiano]]|[[Capitalia]]}},,,,,,,,,,,,,,,,,,,,,,,,,"{{increase}} 13,86% (Group CET1, end 2024)",,,
Volkswagen AG,,Volkswagen Group Logo 2023.svg,250,,Wolfsburg VWHochhaus.jpg,250,"Headquarters in [[Wolfsburg]], Germany",[[Public company|Public]],"{{FWB|VOW|isin|=|DE0007664005}} , {{FWB|VOW3|isin|=|DE0007664005}} <br />[[DAX]] component (VOW3)",[[German Labour Front]],"[[Wolfsburg]], [[Lower Saxony]]",Germany,Worldwide,[[Hans Dieter Pötsch]] (chairman of the supervisory board) <br>[[Oliver Blume]] (chairman of the board of management),[[Manufacturing]],"[[Car|Automobiles]], [[commercial vehicle]]s, [[internal combustion engine]]s, [[motorcycle]]s, [[turbomachinery]]",{{increase}} [[Euro|€]]324.656&nbsp;billion (2024),{{decrease}} €19.060&nbsp;billion (2024),{{decrease}} €12.394&nbsp;billion (2024),{{increase}} €632.905&nbsp;billion (2024),{{increase}} €196.731&nbsp;billion (2024),"{{increase}} 682,724 employees (average during 2024)",{{Collapsible list|title|=|'''Transportation''':|Sfn|Volkswagen AG|2012|pp|=|U60-U73|[[Traton]] (89.7%)<br>[[Porsche Holding]]<br>Volkswagen Marine}} {{Sfn|Volkswagen AG|2012|pp|=|U60-U73}} {{Collapsible list|title|=|'''Financial services''':|Lamborghini Financial Services<br>Bentley Financial Services<br>Volkswagen Financial Services AG<br>Volkswagen Leasing GmbH<br>Porsche Financial Services<br> Volkswagen Immobilien}} {{Collapsible list|title|=|'''Logistics''':|Volkswagen Group Fleet International<br>Volkswagen Group Supply<br>Volkswagen Air Service}} {{Collapsible list|title|=| '''Industrial''':|Volkswagen Industrial Motor}} {{Collapsible list|title|=|'''International''':|[[Volkswagen Group China]]<br>Volkswagen Group Japan<br>[[Škoda Auto Volkswagen India|Volkswagen Group India]]<br>[[Volkswagen Group of America]]<br>[[Volkswagen Argentina]]<br>[[Volkswagen Australia]]<br>Volkswagen Group Canada<br>Volkswagen Group Malaysia<br>[[Volkswagen de México]]<br>[[Volkswagen do Brasil]]<br>[[History of Volkswagen in Ireland|Volkswagen Group Ireland]]<br>Volkswagen Group Italia<br>[[Volkswagen of South Africa]]<br>Volkswagen Group Taiwan<br>Volkswagen Group United Kingdom Audi}},"{{Start date and age|1937|05|28|df|=|yes}} , in [[Berlin]], Germany",{{URL|volkswagen-group.com}},Volkswagen Group,,,"[[Banking]], [[financing]], [[fleet management]], [[insurance]], [[leasing]] {{Sfn|Volkswagen AG|2012|p|=|110}}",,{{ISIN|sl|=|n|pl|=|y|DE0007664005}},,,,,,,,,,,,,,,,,,,,"{{decrease}} 9,030,000 (2024)","* [[Porsche SE]]: 31.9% of equity, 53.3% of votes ( {{as of|2024|12|31|lc|=|y|df|=|UK}} ) * [[Lower Saxony|State of Lower Saxony]]: 11.8% of equity, 20% of votes ( {{as of|2024|12|31|lc|=|y|df|=|UK}} ) * [[Qatar Investment Authority|QIA]]: 10.4% of equity, 17% of votes ( {{as of|2024|12|31|lc|=|y|df|=|UK}} )",{{Collapsible list|title|=|'''Automotive''':|Sfn|Volkswagen AG|2012|pp|=|U60-U73|[[Audi]]<br>[[Bentley]]<br>[[Bugatti]]<br>[[Cupra (marque)|Cupra]]<br>[[Ducati]]<br>[[Jetta (car brand)|Jetta]]<br>[[Lamborghini]]<br>[[Porsche]]<br>[[Scout Motors|Scout]]<br>[[SEAT]]<br>[[Škoda Auto|Škoda]]<br>[[Volkswagen|Volkswagen Cars]]}} {{Sfn|Volkswagen AG|2012|pp|=|U60-U73}} {{Collapsible list|title|=|'''Commercial''':|[[IC Bus]]<br>[[International Motors]]<br>[[MAN Truck & Bus]]<br>[[Scania AB|Scania]]<br>[[Volkswagen Commercial Vehicles|VW Commercial Vehicles]]<br>[[Volkswagen Caminhões e Ônibus|VW Truck & Bus]]}} {{Collapsible list|title|=|'''Design''':|[[Italdesign Giugiaro]]}},,,,,[[list of Volkswagen Group factories|100 production facilities across 27 countries]],,,,,,,,,
Wolters Kluwer N.V.,,Wolters Kluwer logo.svg,,,,,,[[Public company|Public]],{{EuronextAmsterdam|WKL|NL0000395903|XAMS}} <br>[[AEX index|AEX]] component,,,,,[[Nancy McKinstry]] ([[Chief executive officer|CEO]]),"[[Software]], information services","Health, corporate services, finance, tax, accounting, law and regulatory software, services, workflow tools, and publications",€5.9 billion (2024),,,,,"21,600 (2024)",,{{Start date and age|1968}},{{Official URL}},Wolters Kluwer,,,,,,,,,,,"[[Alphen aan den Rijn]], Netherlands (global)",,,,,,,,,,,,,,,,,,,,,,,,,,,,,,
